canonical_id	verb_text	verb_lemma	negated	is_passive	sid	verb_token_idx	verb_category
0	retired	retire	False	False	1	17	WITHDRAW
0	laid	lay	False	False	2	40	PLACEMENT
0	glanced	glance	False	False	2	45	PEER
0	glanced	glance	False	False	4	59	PEER
0	went	go	False	False	5	71	MOTION
26	wanted spend	want spend	False	False	12	209	DESIRE
35	had	have	False	False	14	240	POSSESSION
0	drew	draw	False	False	17	303	FORCE
0	come	come	False	False	19	337	MOTION
25	heard	hear	False	False	19	331	PERCEPTION
25	signed	sign	False	False	19	376	IMAGE_IMPRESSION
0	cast	cast	False	False	20	389	CREATION
0	seen	see	False	False	20	401	PERCEPTION
25	going	go	False	False	22	421	MOTION
0	heard	hear	False	False	23	443	PERCEPTION
25	proceeded	proceed	False	False	23	447	ASPECT
25	proposed bask	propose bask	False	False	23	452	COMMUNICATION
0	reflected	reflect	False	False	24	473	MARVEL
0	was	be	False	False	24	477	STATE
0	allowed	allow	False	False	25	507	ADMIT
0	slept	sleep	False	False	26	515	FIT
1	leaned	lean	False	False	28	538	ASSUMING_POSITION
1	shut	shut	False	False	28	543	OTHER_COS
37	received	receive	False	False	35	623	OBTAIN
37	understand	understand	False	False	36	638	COGNITION
37	be	be	False	False	37	646	STATE
37	expect	expect	False	False	37	657	DESIRE
0	ask	ask	False	False	37	654	COMMUNICATION
0	take	take	False	False	37	660	OBTAINING
0	met	meet	False	True	38	679	SOCIAL
37	enclose	enclose	False	False	39	685	CONTIGUOUS_LOCATION
1	thought	think	False	False	47	780	COGNITION
1	get	get	False	False	49	807	OBTAINING
1	thought	think	False	False	50	828	COGNITION
1	'm	be	False	False	50	833	STATE
1	remembered	remember	False	False	52	878	COGNITION
1	think	think	True	False	54	908	COGNITION
1	shivered	shiver	False	False	55	925	BODY_INTERNAL_STATES
1	wished	wish	False	False	55	927	DESIRE
1	going	go	True	False	55	931	MOTION
1	be	be	True	False	60	996	STATE
15	cleaving	cleave	False	False	60	979	CLING
1	said	say	False	False	61	1021	COMMUNICATION
1	loved	love	False	False	61	1023	EMOTION
1	think	think	True	False	62	1030	COGNITION
1	opened	open	False	False	63	1036	APPEAR
1	frowned	frown	False	False	63	1040	NONVERBAL_EXPRESSION
1	thought	think	False	False	65	1070	COGNITION
1	bet	bet	False	False	65	1076	BILL
2	thought	think	False	False	67	1116	COGNITION
2	imagine	imagine	False	False	68	1137	CHARACTERIZE
2	like take	like take	False	False	69	1155	EMOTION
2	frowned	frown	False	False	70	1163	NONVERBAL_EXPRESSION
2	got keep	get keep	False	False	73	1181	OBTAINING
2	wondered	wonder	False	False	74	1196	COGNITION
10	damned	damn	False	True	75	1203	JUDGEMENT
2	said	say	False	False	77	1219	COMMUNICATION
2	said	say	False	False	78	1232	COMMUNICATION
2	was	be	False	False	79	1253	STATE
2	fancied	fancy	False	False	80	1264	ADMIRE
10	deceived	deceive	True	True	80	1275	FORCE
2	said	say	False	False	81	1298	COMMUNICATION
0	give	give	True	False	81	1310	TRANSFER
10	shaken	shake	False	False	82	1321	AMUSE
10	empowered hand	empower hand	False	True	85	1362	
0	travel	travel	False	False	85	1375	MOTION
0	met	meet	False	True	86	1390	SOCIAL
0	motored	motor	False	True	86	1393	VEHICLE
0	hold	hold	False	False	87	1410	POSSESSION
2	said	say	False	False	88	1422	COMMUNICATION
2	said	say	False	False	90	1448	COMMUNICATION
10	understand	understand	False	False	90	1452	COGNITION
2	undertake	undertake	True	False	90	1456	ASPECT
2	darted	dart	False	False	91	1464	MOTION
2	spoken	speak	False	False	91	1475	COMMUNICATION
10	answered	answer	False	False	92	1494	COMMUNICATION
0	be withdraw	be withdraw	False	False	92	1510	STATE
10	smiled	smile	False	False	93	1526	NONVERBAL_EXPRESSION
10	knew	know	False	False	94	1533	COGNITION
2	sailed	sail	False	False	96	1567	NONVEHICLE
2	got	get	False	False	97	1580	OBTAINING
2	drew	draw	False	False	98	1590	FORCE
2	draw	draw	False	False	99	1605	FORCE
2	fancied	fancy	False	False	100	1611	ADMIRE
2	going enjoy	go enjoy	False	False	100	1615	MOTION
5	sat	sit	False	False	102	1637	BODY_POSITION
5	was	be	False	False	103	1646	STATE
5	approve	approve	True	False	103	1652	JUDGEMENT
5	sat	sit	False	False	106	1702	BODY_POSITION
5	triumphed	triumph	False	False	106	1711	MARVEL
5	like make	like make	False	False	110	1783	EMOTION
5	remembered	remember	False	False	111	1793	COGNITION
5	reread	reread	False	False	114	1817	
5	read	read	False	False	114	1824	DISCOVER
0	remember	remember	False	False	115	1837	COGNITION
0	see	see	False	False	120	1923	PERCEPTION
5	thought	think	False	False	126	1973	COGNITION
5	let	let	False	False	127	1988	ABOUNDING_WITH
5	been	be	False	False	128	2001	STATE
5	thought	think	False	False	138	2123	COGNITION
5	getting	get	False	False	138	2131	OBTAINING
5	remember	remember	False	False	140	2167	COGNITION
5	was	be	False	False	140	2176	STATE
6	looked	look	False	False	142	2188	PERCEPTION
6	had change	have change	False	False	143	2204	POSSESSION
6	got	get	True	False	146	2236	OBTAINING
37	was	be	False	False	146	2243	STATE
6	enjoy	enjoy	False	False	149	2283	EMOTION
6	had	have	False	False	150	2292	POSSESSION
6	supposed	suppose	False	False	153	2331	COGNITION
37	know	know	False	False	155	2340	COGNITION
6	be	be	False	False	158	2376	STATE
6	want wait	want wait	True	False	166	2458	DESIRE
6	wanted get	want get	False	False	167	2463	DESIRE
3	driving	drive	False	False	169	2476	DRIVE
3	was	be	False	False	170	2484	STATE
3	sat	sit	False	False	172	2502	BODY_POSITION
3	been	be	False	False	174	2554	STATE
3	was	be	False	False	176	2564	STATE
3	was	be	True	False	176	2574	STATE
3	had	have	False	False	178	2591	POSSESSION
3	put	put	False	False	180	2645	PLACEMENT
3	arrived	arrive	False	False	182	2667	ESCAPE
3	had	have	False	False	184	2675	POSSESSION
3	was	be	False	False	185	2688	STATE
3	leaving	leave	False	False	185	2693	MOTION
3	going	go	False	False	185	2696	MOTION
3	received	receive	False	False	187	2722	OBTAIN
9	being	be	False	False	190	2778	STATE
9	hear	hear	True	False	191	2784	PERCEPTION
3	had	have	False	False	202	2895	POSSESSION
3	inspire	inspire	False	False	202	2902	AMUSE
3	managed pull	manage pull	False	False	203	2911	COPE
3	going	go	False	False	205	2941	MOTION
3	cut	cut	False	False	207	2954	AMUSE
3	went	go	False	False	210	2999	MOTION
3	hated	hat	False	False	212	3016	ACCOUTREMENTS
7	thought	think	False	False	216	3044	COGNITION
7	stop	stop	False	False	222	3100	ASPECT
7	push	push	False	False	222	3107	CONTACT
7	have	have	False	False	225	3126	POSSESSION
7	wondered	wonder	False	False	228	3157	COGNITION
30	was	be	False	False	230	3166	STATE
30	had	have	False	False	231	3180	POSSESSION
7	like	like	False	False	235	3236	EMOTION
7	supposed	suppose	False	False	236	3252	COGNITION
7	stretched	stretch	False	False	237	3269	CRANE
7	looked	look	False	False	237	3274	PERCEPTION
7	climbed	climb	False	False	237	3281	CALIBRATABLE_COS
7	let	let	False	False	239	3316	ABOUNDING_WITH
7	leapt	leapt	False	False	239	3324	
7	proceeded	proceed	False	False	242	3349	ASPECT
4	was	be	False	False	244	3361	STATE
4	writing	write	False	False	247	3402	LECTURE
4	muttered	mutter	False	False	248	3417	MANNER_SPEAKING
4	closed	close	False	False	251	3458	CRANE
4	put	put	False	False	251	3462	PLACEMENT
4	glanced	glance	False	False	252	3470	PEER
4	went	go	False	False	254	3494	MOTION
4	ruminated	ruminate	False	False	255	3514	MARVEL
4	slip	slip	False	False	256	3523	TRANSFER
4	look	look	False	False	257	3530	PERCEPTION
4	stood	stand	False	False	258	3536	BODY_POSITION
4	scrutinized	scrutinize	False	False	258	3539	ASSESSMENT
4	said	say	False	False	262	3585	COMMUNICATION
4	forgot	forget	False	False	263	3593	ABANDONMENT
4	said	say	False	False	266	3614	COMMUNICATION
4	reading	read	False	False	267	3641	DISCOVER
4	talk	talk	False	False	267	3648	COMMUNICATION
4	felt	feel	False	False	269	3676	PERCEPTION
4	enter	enter	False	False	269	3680	MOTION
4	remembered	remember	False	False	271	3690	COGNITION
10	tell	tell	True	False	277	3772	COMMUNICATION
4	said	say	False	False	278	3781	COMMUNICATION
10	ca	can	True	False	279	3790	POCKET
6	hiccuped	hiccup	False	False	280	3797	HICCUP
6	said	say	False	False	280	3800	COMMUNICATION
4	said	say	False	False	281	3813	COMMUNICATION
6	said	say	False	False	282	3832	COMMUNICATION
4	said	say	False	False	284	3855	COMMUNICATION
0	're	be	False	False	284	3851	STATE
4	helped	help	False	False	288	3889	SOCIAL
6	stood	stand	False	False	289	3895	BODY_POSITION
4	thought	think	False	False	297	3986	COGNITION
4	am	be	False	False	297	4000	STATE
0	stepped	step	False	False	303	4053	MOTION
0	asked	ask	False	False	304	4066	COMMUNICATION
0	said	say	False	False	306	4092	COMMUNICATION
10	be	be	False	False	309	4157	STATE
1	spoke	speak	False	False	310	4176	COMMUNICATION
5	said	say	False	False	313	4242	COMMUNICATION
5	bent	bent	False	False	313	4250	BEING_OBLIGATORY
5	entered	enter	False	False	313	4254	MOTION
0	holding	hold	False	False	313	4267	POSSESSION
0	followed	follow	False	False	314	4273	MOTION
2	said	say	False	False	315	4278	COMMUNICATION
2	wait	wait	False	False	315	4283	EXIST
1	said	say	False	False	316	4294	COMMUNICATION
0	said	say	False	False	319	4321	COMMUNICATION
5	said	say	False	False	320	4337	COMMUNICATION
0	inquired	inquire	False	False	324	4381	INQUIRE
0	know	know	False	False	324	4386	COGNITION
0	said	say	False	False	326	4420	COMMUNICATION
0	am	be	False	False	326	4425	STATE
0	waiting	wait	False	False	328	4456	EXIST
1	said	say	False	False	329	4460	COMMUNICATION
2	smiled	smile	False	False	330	4471	NONVERBAL_EXPRESSION
2	said	say	False	False	331	4474	COMMUNICATION
0	go	go	False	False	332	4488	MOTION
2	answered	answer	False	False	335	4513	COMMUNICATION
1	said	say	False	False	336	4530	COMMUNICATION
1	hope	hope	False	False	336	4536	DESIRE
1	mean	mean	False	False	336	4544	CONJECTURE
0	know	know	False	False	338	4566	COGNITION
1	been	be	True	False	339	4581	STATE
1	added	add	False	False	340	4587	MIX
1	seen	see	True	False	340	4605	PERCEPTION
1	'm	be	False	False	342	4620	STATE
2	see	see	False	False	343	4631	PERCEPTION
2	said	say	False	False	346	4651	COMMUNICATION
1	laughed	laugh	False	False	347	4662	NONVERBAL_EXPRESSION
1	think	think	True	False	348	4672	COGNITION
37	wired	wire	False	False	349	4684	INSTR_COMMUNICATION
0	like	like	True	False	351	4708	EMOTION
0	got	get	False	False	351	4714	OBTAINING
1	laughed	laugh	False	False	352	4719	NONVERBAL_EXPRESSION
1	got	get	False	False	354	4736	OBTAINING
1	'm	be	False	False	355	4752	STATE
2	said	say	False	False	358	4783	COMMUNICATION
2	know	know	True	False	358	4789	COGNITION
2	seen	see	True	False	359	4794	PERCEPTION
37	are	be	False	False	361	4805	STATE
1	suppose	suppose	False	False	361	4812	COGNITION
37	are	be	False	False	362	4815	STATE
2	thought	think	False	False	364	4825	COGNITION
2	supposed met	suppose meet	False	True	364	4833	COGNITION
2	said	say	False	False	365	4842	COMMUNICATION
2	made	make	False	False	367	4863	CREATION
1	suppose	suppose	False	False	372	4897	COGNITION
0	know	know	False	False	373	4911	COGNITION
2	have	have	True	False	374	4916	POSSESSION
2	said	say	False	False	376	4936	COMMUNICATION
6	had	have	False	False	379	4975	POSSESSION
1	came	come	False	False	381	5002	MOTION
1	said	say	False	False	382	5010	COMMUNICATION
1	am	be	False	False	382	5014	STATE
1	added	add	False	False	384	5029	MIX
6	said know	say know	False	False	392	5137	COMMUNICATION
1	said	say	False	False	394	5166	COMMUNICATION
2	said	say	False	False	396	5192	COMMUNICATION
2	like	like	False	False	397	5205	EMOTION
6	said	say	False	False	400	5222	COMMUNICATION
10	seen	see	False	False	400	5229	PERCEPTION
2	shrugged	shrug	False	False	401	5241	WINK
2	knocked	knock	False	False	402	5249	BUMP
2	thought	think	False	False	403	5259	COGNITION
6	ask	ask	False	False	403	5266	COMMUNICATION
2	was	be	False	False	403	5271	STATE
6	mention	mention	True	False	405	5292	COMMUNICATION
0	came	come	False	False	407	5301	MOTION
0	had	have	False	False	408	5339	POSSESSION
1	said	say	False	False	409	5357	COMMUNICATION
1	pictured	picture	False	False	410	5372	CHARACTERIZE
1	shivered	shiver	False	False	413	5418	BODY_INTERNAL_STATES
4	came	come	False	False	415	5462	MOTION
4	introduced	introduce	False	False	415	5465	AMALGAMATE
4	said	say	False	False	416	5480	COMMUNICATION
4	introduce	introduce	False	False	418	5492	AMALGAMATE
4	laughed	laugh	False	False	421	5514	NONVERBAL_EXPRESSION
0	looked	look	False	False	422	5520	PERCEPTION
0	seemed wishing	seem wish	False	False	423	5528	GIVE_IMPRESSION
0	order	order	False	False	423	5535	OBTAINING
5	was	be	True	False	424	5545	STATE
5	liked	like	False	False	424	5551	EMOTION
4	asked	ask	False	False	425	5567	COMMUNICATION
4	turned	turn	False	False	426	5580	MOTION
4	held	hold	False	False	426	5582	POSSESSION
4	said	say	False	False	428	5606	COMMUNICATION
4	noticed	notice	False	False	429	5611	PERCEPTION
0	be	be	False	False	435	5710	STATE
0	got	get	False	False	438	5758	OBTAINING
5	said	say	False	False	441	5781	COMMUNICATION
0	said	say	False	False	444	5826	COMMUNICATION
2	said	say	False	False	446	5852	COMMUNICATION
5	permitted helped	permit help	False	False	448	5877	ADMIT
0	were	be	False	False	452	5917	STATE
7	looked	look	False	False	456	5989	PERCEPTION
7	touched	touch	False	False	457	6010	CONTACT
7	echoed	echo	False	False	457	6019	SOUND_EXISTENCE
7	seemed	seem	False	False	459	6038	GIVE_IMPRESSION
11	sat	sit	False	False	462	6064	BODY_POSITION
11	expected	expect	False	False	464	6096	DESIRE
11	remembered	remember	False	False	467	6139	COGNITION
37	be	be	False	False	469	6166	STATE
11	thought	think	False	False	470	6178	COGNITION
11	set	set	True	False	470	6186	PLACEMENT
11	had	have	True	False	471	6203	POSSESSION
11	agreed	agree	False	False	475	6245	SOCIAL
11	surveyed	survey	False	False	477	6273	INVESTIGATE
11	summed	sum	False	False	479	6297	ACTIVITY_RESUME
11	knew	know	False	False	480	6311	COGNITION
11	bet	bet	False	False	481	6323	BILL
11	thought	think	False	False	485	6377	COGNITION
11	shut	shut	False	False	502	6595	OTHER_COS
0	nosed	nose	False	False	502	6601	FERRET
2	said	say	False	False	503	6615	COMMUNICATION
11	said	say	False	False	504	6632	COMMUNICATION
11	jumped	jump	False	False	510	6700	CALIBRATABLE_COS
11	helped	help	False	False	510	6706	SOCIAL
11	made	make	False	False	511	6713	CREATION
11	led	lead	False	False	512	6726	ACCOMPANY
6	said	say	False	False	513	6738	COMMUNICATION
6	felt	feel	False	False	514	6749	PERCEPTION
0	ascended	ascend	False	False	516	6761	ESCAPE
0	came	come	False	False	516	6766	MOTION
8	awaiting	await	False	False	517	6788	EXPECTATION
8	reassured	reassure	False	False	517	6796	AMUSE
8	came	come	False	False	519	6819	MOTION
8	was	be	False	False	520	6825	STATE
8	said	say	False	False	521	6839	COMMUNICATION
0	come	come	False	False	521	6844	MOTION
7	thinking	think	False	False	525	6876	COGNITION
8	saying	say	False	False	530	6925	COMMUNICATION
0	wanted	want	False	False	532	6941	DESIRE
0	like go	like go	False	False	532	6945	EMOTION
1	followed	follow	False	False	536	6967	MOTION
9	thrown	throw	False	False	537	6975	AMUSE
9	walked	walk	False	False	537	6988	MOTION
1	uttered	utter	False	False	538	7009	COMMUNICATION
9	saying	say	False	False	539	7019	COMMUNICATION
9	hope	hope	False	False	539	7023	DESIRE
0	got	get	False	False	539	7026	OBTAINING
0	want	want	False	False	539	7029	DESIRE
1	looked	look	False	False	540	7035	PERCEPTION
1	said	say	False	False	543	7067	COMMUNICATION
1	think	think	False	False	543	7076	COGNITION
10	ring	ring	False	False	544	7082	CONTIGUOUS_LOCATION
0	want	want	False	False	544	7087	DESIRE
9	had	have	False	False	545	7095	POSSESSION
1	looked	look	False	False	546	7102	PERCEPTION
1	thought	think	False	False	550	7147	COGNITION
9	looks	look	False	False	550	7151	PERCEPTION
9	looked	look	False	False	552	7168	PERCEPTION
9	was	be	False	False	554	7191	STATE
1	said	say	False	False	555	7198	COMMUNICATION
1	'm	be	False	False	555	7203	STATE
1	expect	expect	False	False	556	7211	DESIRE
0	know	know	False	False	556	7213	COGNITION
9	said	say	False	False	557	7219	COMMUNICATION
9	know	know	True	False	557	7229	COGNITION
37	were have	be have	False	False	558	7244	STATE
1	said	say	False	False	559	7250	COMMUNICATION
37	mention	mention	True	False	559	7257	COMMUNICATION
9	seen	see	True	False	561	7271	PERCEPTION
1	said	say	False	False	564	7298	COMMUNICATION
1	frowned	frown	False	False	566	7317	NONVERBAL_EXPRESSION
9	said	say	False	False	568	7344	COMMUNICATION
9	'm	be	False	False	568	7348	STATE
9	is	be	False	False	568	7354	STATE
9	know	know	True	False	569	7363	COGNITION
1	said	say	False	False	570	7380	COMMUNICATION
0	manage	manage	False	False	570	7386	COPE
9	manage	manage	False	False	571	7398	COPE
37	get	get	False	False	572	7412	OBTAINING
1	said	say	False	False	573	7419	COMMUNICATION
1	expect	expect	False	False	573	7423	DESIRE
9	turned go	turn go	False	False	574	7429	MOTION
9	drifted	drift	False	False	576	7442	MODES_OF_BEING_WITH_MOTION
1	went	go	False	False	577	7451	MOTION
1	sat	sit	False	False	577	7457	BODY_POSITION
1	was	be	False	False	578	7465	STATE
9	ghostlike	ghostlike	False	False	580	7486	
1	thought	think	False	False	584	7508	COGNITION
1	wish	wish	False	False	584	7512	DESIRE
1	seen	see	False	False	584	7515	PERCEPTION
1	wish	wish	False	False	585	7521	DESIRE
1	knew	know	False	False	585	7523	COGNITION
37	were	be	False	False	585	7526	STATE
1	got	get	False	False	586	7531	OBTAINING
1	walked	walk	False	False	586	7534	MOTION
1	stood	stand	False	False	591	7619	BODY_POSITION
1	read	read	False	False	591	7626	DISCOVER
1	remembered	remember	False	False	592	7637	COGNITION
1	smiled	smile	False	False	604	7837	NONVERBAL_EXPRESSION
1	went	go	False	False	607	7848	MOTION
1	sat	sit	False	False	607	7850	BODY_POSITION
1	remember	remember	True	False	617	7936	COGNITION
1	think	think	True	False	619	7942	COGNITION
3	came	come	False	False	622	7958	MOTION
3	chatted	chat	False	False	623	7978	CHIT_CHAT
3	was	be	False	False	624	7988	STATE
3	seemed	seem	False	False	624	8007	GIVE_IMPRESSION
3	chatted	chat	False	False	625	8021	CHIT_CHAT
3	was	be	False	False	626	8031	STATE
3	was	be	False	False	629	8055	STATE
3	needed	need	False	False	630	8069	ORDER
3	like take	like take	False	False	631	8073	EMOTION
3	afford do	afford do	True	False	632	8087	EXPENSIVENESS
3	afford	afford	False	False	633	8094	EXPENSIVENESS
3	afford drop	afford drop	True	False	633	8105	EXPENSIVENESS
3	arrived	arrive	False	False	635	8122	ESCAPE
3	keep	keep	False	False	635	8126	POSSESSION
3	thought	think	False	False	636	8134	COGNITION
3	imagine	imagine	False	False	636	8146	CHARACTERIZE
3	going	go	True	False	636	8153	MOTION
3	done	do	False	False	636	8158	ABANDONMENT
3	thought	think	False	False	640	8213	COGNITION
3	leaving	leave	False	False	640	8218	MOTION
3	began make	begin make	False	False	641	8233	ASPECT
3	smiling	smile	False	False	642	8247	NONVERBAL_EXPRESSION
3	walked	walk	False	False	642	8250	MOTION
0	sitting	sit	False	False	643	8267	BODY_POSITION
0	was	be	False	False	643	8273	STATE
3	seen	see	False	False	644	8283	PERCEPTION
0	given	give	False	False	646	8316	TRANSFER
0	make	make	False	False	648	8354	CREATION
0	got	get	False	False	649	8368	OBTAINING
0	thought	think	False	False	653	8406	COGNITION
0	had	have	False	False	658	8453	POSSESSION
0	grunted	grunt	False	False	659	8465	ANIMAL_SOUNDS
3	said	say	False	False	660	8477	COMMUNICATION
3	go	go	False	False	660	8482	MOTION
3	pay	pay	False	False	660	8484	PAY
0	closed	close	False	False	661	8497	CRANE
0	said	say	False	False	661	8507	COMMUNICATION
10	do	do	True	False	661	8513	ABANDONMENT
3	startled	startle	False	True	662	8520	AMUSE
0	said	say	False	False	664	8529	COMMUNICATION
3	stared	star	False	False	667	8552	CAPTAIN
3	thought	think	False	False	668	8561	COGNITION
0	gone	go	False	False	668	8567	MOTION
0	said	say	False	False	668	8572	COMMUNICATION
3	'm	be	False	False	669	8588	STATE
3	do	do	True	False	669	8591	ABANDONMENT
0	said	say	False	False	670	8603	COMMUNICATION
0	wondering	wonder	False	False	672	8620	COGNITION
0	come	come	False	False	672	8624	MOTION
3	shook	shake	False	False	673	8633	AMUSE
3	went	go	False	False	673	8637	MOTION
0	reflected	reflect	False	False	674	8647	MARVEL
0	care	care	True	False	677	8683	CARE
8	coming	come	False	False	681	8723	MOTION
0	asked	ask	False	False	681	8733	COMMUNICATION
25	expected	expect	False	False	681	8741	DESIRE
0	know	know	False	False	681	8745	COGNITION
8	stared	star	False	False	682	8749	CAPTAIN
0	grunted	grunt	False	False	685	8773	ANIMAL_SOUNDS
0	thought	think	False	False	686	8776	COGNITION
7	was	be	False	False	689	8799	STATE
7	luxuriated	luxuriate	False	False	690	8805	MARVEL
7	was	be	False	False	693	8830	STATE
7	thought	think	False	False	694	8841	COGNITION
7	suppose	suppose	False	False	694	8853	COGNITION
4	tying	tie	False	False	698	8892	TAPE
4	was	be	True	False	699	8897	STATE
4	look	look	False	False	700	8909	PERCEPTION
4	supposed	suppose	False	False	701	8914	COGNITION
4	mean bungle	mean bungle	True	False	705	8953	CONJECTURE
4	glanced	glance	False	False	706	8960	PEER
4	thought Remember	think remember	False	False	708	8979	COGNITION
4	was	be	False	False	708	8987	STATE
4	doing	do	False	False	709	8996	ABANDONMENT
6	frowning	frown	False	False	712	9028	NONVERBAL_EXPRESSION
6	led expect	lead expect	False	True	714	9050	ACCOMPANY
6	make	make	False	False	716	9060	CREATION
6	get	get	False	False	716	9064	OBTAINING
6	have stay	have stay	False	False	720	9088	POSSESSION
37	was	be	False	False	721	9098	STATE
6	swear	swear	False	False	723	9108	CONJECTURE
37	was	be	True	False	723	9111	STATE
2	came	come	False	False	725	9126	MOTION
2	walked	walk	False	False	725	9132	MOTION
2	moved	move	False	False	726	9141	MOTION
2	smiling	smile	False	False	729	9172	NONVERBAL_EXPRESSION
2	going enjoy	go enjoy	False	False	731	9183	MOTION
5	reading	read	False	False	733	9209	DISCOVER
5	followed	follow	False	False	734	9218	MOTION
5	shut	shut	False	False	738	9285	OTHER_COS
5	pinned	pin	False	False	739	9292	TAPE
5	went	go	False	False	739	9301	MOTION
0	being	be	False	False	746	9362	STATE
5	chatted	chat	False	False	747	9381	CHIT_CHAT
1	asking	ask	False	False	748	9396	COMMUNICATION
4	was	be	False	False	749	9407	STATE
2	listened	listen	False	False	750	9415	PEER
2	looked	look	False	False	751	9424	PERCEPTION
2	narrowed	narrow	False	False	751	9431	OTHER_COS
7	said	say	False	False	755	9487	COMMUNICATION
1	leaned	lean	False	False	758	9503	ASSUMING_POSITION
1	wonder	wonder	False	False	759	9508	COGNITION
1	cried	cry	False	False	762	9527	BREATHE
1	suppose	suppose	False	False	763	9546	COGNITION
2	said	say	False	False	765	9564	COMMUNICATION
1	said	say	False	False	769	9590	COMMUNICATION
0	grunted	grunt	False	False	770	9607	ANIMAL_SOUNDS
0	helped port	help port	False	False	770	9615	SOCIAL
5	looked	look	False	False	771	9622	PERCEPTION
1	looked	look	False	False	772	9629	PERCEPTION
5	said	say	False	False	775	9668	COMMUNICATION
1	said	say	False	False	776	9676	COMMUNICATION
1	hate	hate	False	False	776	9681	EMOTION
1	flushed	flush	False	False	778	9696	HICCUP
1	said	say	False	False	779	9699	COMMUNICATION
1	think	think	True	False	779	9708	COGNITION
5	agreed	agree	False	False	780	9722	SOCIAL
5	said	say	False	False	781	9739	COMMUNICATION
5	've	have	False	False	781	9726	POSSESSION
1	shut	shut	False	True	781	9732	OTHER_COS
10	get	get	True	False	782	9745	OBTAINING
1	murmured	murmur	False	False	783	9756	COMMUNICATION
5	said	say	False	False	784	9771	COMMUNICATION
1	thought	think	False	False	786	9793	COGNITION
1	said	say	False	False	787	9807	COMMUNICATION
1	think	think	False	False	787	9813	COGNITION
5	brought	bring	False	False	788	9826	TRANSFER
5	was	be	False	False	789	9841	STATE
5	paused	pause	False	False	789	9849	LINGER
5	said	say	False	False	790	9852	COMMUNICATION
0	say	say	False	False	791	9860	COMMUNICATION
5	said	say	False	False	793	9870	COMMUNICATION
5	met	meet	True	False	793	9877	SOCIAL
1	stared	star	False	False	794	9888	CAPTAIN
1	finish	finish	True	False	795	9899	ASPECT
8	followed	follow	False	False	797	9913	MOTION
3	came	come	False	False	799	9934	MOTION
6	stood	stand	False	False	802	9974	BODY_POSITION
6	pulled	pull	False	False	803	9983	CONTACT
8	went	go	False	False	807	10023	MOTION
10	dined	din	False	False	809	10045	ARCHITECTURAL_PART
10	were	be	False	False	810	10049	STATE
10	startled	startle	False	True	816	10106	AMUSE
10	looked	look	False	False	817	10109	PERCEPTION
10	charged	charge	False	True	820	10136	BILL
3	cause	cause	False	False	821	10158	ENGENDER
0	did	do	False	False	821	10148	ABANDONMENT
0	were	be	False	False	822	10179	STATE
0	brought	bring	False	False	823	10194	TRANSFER
0	killed	kill	False	False	824	10223	KILLING
0	were	be	False	False	825	10241	STATE
0	sent	send	False	False	826	10272	TRANSFER
0	were	be	False	False	827	10299	STATE
0	were	be	False	False	829	10349	STATE
8	dropped	drop	False	False	834	10396	CALIBRATABLE_COS
2	was	be	False	False	836	10423	STATE
2	leapt	leap	False	False	837	10430	MOTION
2	flung	fling	False	False	837	10435	THROW
9	was	be	False	False	838	10447	STATE
2	called	call	False	False	839	10452	COMMUNICATION
3	came	come	False	False	842	10483	MOTION
3	helped	help	False	False	843	10488	SOCIAL
3	said	say	False	False	844	10502	COMMUNICATION
9	fainted	faint	False	True	845	10512	CHANGE_BODILY_STATE
9	be	be	False	False	846	10520	STATE
2	said	say	False	False	847	10528	COMMUNICATION
8	murmured	murmur	False	False	848	10548	COMMUNICATION
8	slipped	slip	False	False	848	10557	TRANSFER
1	cried	cry	False	False	849	10565	BREATHE
6	spluttered	splutter	False	False	852	10589	MANNER_SPEAKING
6	looked	look	False	False	856	10619	PERCEPTION
0	seemed	seem	False	False	858	10641	GIVE_IMPRESSION
5	sat	sit	False	False	859	10647	BODY_POSITION
0	sat	sit	False	False	861	10667	BODY_POSITION
0	sunk	sink	False	False	861	10675	OTHER_COS
0	scratched	scratch	False	False	862	10686	CUT
3	being	be	False	False	865	10717	STATE
2	was	be	False	False	865	10725	STATE
2	said	say	False	False	866	10735	COMMUNICATION
1	cried	cry	False	False	868	10753	BREATHE
2	shook	shake	False	False	872	10796	AMUSE
2	moved	move	False	False	874	10808	MOTION
2	caught	catch	False	False	875	10830	OBTAINING
2	flung	fling	False	False	875	10834	THROW
2	passed	pass	False	False	876	10840	TRANSFER
2	uttered	utter	False	False	876	10844	COMMUNICATION
2	said	say	False	False	877	10851	COMMUNICATION
5	remained	remain	False	False	879	10870	EXIST
2	replaced	replace	False	False	883	10951	EXCHANGE
2	heard	hear	False	False	883	10960	PERCEPTION
1	cried Turn	cry turn	False	False	884	10976	BREATHE
2	obeyed	obey	False	False	887	10993	COMPLIANCE
3	said	say	False	False	888	10997	COMMUNICATION
3	suppose	suppose	False	False	888	11014	COGNITION
0	think	think	False	False	889	11030	COGNITION
0	do	do	False	False	889	11036	ABANDONMENT
3	stared	star	False	False	890	11042	CAPTAIN
0	said	say	False	False	893	11066	COMMUNICATION
0	'm	be	True	False	893	11073	STATE
7	broke	break	False	False	894	11084	APPEAR
7	said	say	False	False	895	11088	COMMUNICATION
0	murmured	murmur	False	False	897	11116	COMMUNICATION
0	think	think	False	False	897	11122	COGNITION
0	led	lead	False	False	898	11131	ACCOMPANY
8	come	come	False	False	900	11148	MOTION
5	bending	bend	False	False	901	11159	ASSUMING_POSITION
8	slipped	slip	False	False	902	11171	TRANSFER
8	speak	speak	False	False	903	11185	COMMUNICATION
0	hear	hear	False	False	905	11203	PERCEPTION
3	spoke	speak	False	False	911	11253	COMMUNICATION
10	be	be	False	False	912	11261	STATE
9	said	say	False	False	914	11276	COMMUNICATION
9	faint	faint	False	False	914	11281	CHANGE_BODILY_STATE
3	said	say	False	False	917	11314	COMMUNICATION
8	put	put	False	False	918	11326	PLACEMENT
3	bent	bend	False	False	919	11343	ASSUMING_POSITION
9	drank	drank	False	False	921	11360	
9	said	say	False	False	924	11382	COMMUNICATION
9	'm	be	False	False	924	11386	STATE
8	said	say	False	False	926	11401	COMMUNICATION
8	drop	drop	False	False	928	11420	CALIBRATABLE_COS
8	like know	like know	False	False	930	11432	EMOTION
8	interrupted	interrupt	False	True	931	11441	INTERRUPT_PROCESS
8	stared	star	False	False	933	11466	CAPTAIN
0	said	say	False	False	934	11479	COMMUNICATION
8	cried	cry	False	False	936	11498	BREATHE
8	know	know	True	False	936	11504	COGNITION
8	know	know	True	False	937	11515	COGNITION
8	had	have	False	False	938	11524	POSSESSION
8	done	do	True	False	938	11529	ABANDONMENT
0	said	say	False	False	939	11535	COMMUNICATION
0	think	think	False	False	940	11546	COGNITION
0	explain	explain	False	False	940	11550	COMMUNICATION
8	wiped	wipe	False	False	941	11557	FUNNEL
8	said	say	False	False	942	11565	COMMUNICATION
8	obeying	obey	False	False	942	11572	COMPLIANCE
0	said Let	say let	False	False	945	11596	COMMUNICATION
0	get	get	False	False	945	11601	OBTAINING
8	said	say	False	False	947	11617	COMMUNICATION
8	was put	be put	False	False	947	11621	STATE
8	find	find	False	False	948	11632	OBTAINING
8	was start	be start	False	False	948	11641	STATE
8	gone	go	False	False	948	11649	MOTION
0	murmured	murmur	False	False	949	11663	COMMUNICATION
8	cried	cry	False	False	950	11673	BREATHE
8	swear	swear	False	False	951	11684	CONJECTURE
8	know	know	True	False	952	11695	COGNITION
8	thought	think	False	False	953	11713	COGNITION
0	looked	look	False	False	954	11724	PERCEPTION
2	nodded	nod	False	False	956	11738	WINK
2	grinned	grin	False	False	957	11741	NONVERBAL_EXPRESSION
2	said	say	False	False	958	11751	COMMUNICATION
6	broke	break	False	False	961	11773	APPEAR
6	exclaimed	exclaim	False	False	962	11778	COMMUNICATION
37	is	be	False	False	965	11807	STATE
5	interrupted	interrupt	False	False	966	11814	INTERRUPT_PROCESS
0	interposed	interpose	False	False	968	11833	
0	spoke	speak	False	False	969	11836	COMMUNICATION
0	said	say	False	False	970	11851	COMMUNICATION
0	suggest	suggest	False	False	971	11867	REFLEXIVE_APPEARANCE
0	get	get	False	False	971	11870	OBTAINING
3	said	say	False	False	974	11895	COMMUNICATION
3	give	give	False	False	974	11900	TRANSFER
9	tottered	totter	False	False	975	11916	BODY_INTERNAL_MOTION
7	said	say	False	False	976	11928	COMMUNICATION
2	said	say	False	False	977	11949	COMMUNICATION
2	agree	agree	False	False	977	11953	SOCIAL
7	said	say	False	False	978	11957	COMMUNICATION
7	go	go	False	False	978	11962	MOTION
7	forage	forage	False	False	978	11964	RUMMAGE
7	went	go	False	False	979	11968	MOTION
7	returned	return	False	False	980	11975	CONTRIBUTE
7	set	set	False	False	982	11999	PLACEMENT
6	had	have	False	False	984	12018	POSSESSION
6	did	do	False	False	984	12024	ABANDONMENT
5	demanded	demand	False	False	986	12040	ORDER
5	obtained	obtain	False	False	986	12042	OBTAIN
3	re -	re -	False	False	987	12050	ABOUNDING_WITH
3	entered	enter	False	False	987	12052	MOTION
3	said	say	False	False	988	12064	COMMUNICATION
3	given	give	False	False	989	12069	TRANSFER
3	do	do	False	False	991	12085	ABANDONMENT
0	took	take	False	False	994	12113	OBTAINING
0	said	say	False	False	996	12130	COMMUNICATION
37	is	be	False	False	997	12148	STATE
8	stared	star	False	False	998	12155	CAPTAIN
37	owns	own	False	False	999	12159	POSSESSION
8	am	be	False	False	1000	12168	STATE
0	want	want	False	False	1001	12176	DESIRE
0	tell	tell	False	False	1001	12179	COMMUNICATION
0	know	know	False	False	1001	12185	COGNITION
8	shook	shake	False	False	1002	12192	AMUSE
8	say	say	True	False	1003	12200	COMMUNICATION
10	see	see	False	False	1004	12205	PERCEPTION
8	seen	see	True	False	1004	12210	PERCEPTION
6	said	say	False	False	1006	12225	COMMUNICATION
10	seen	see	True	False	1006	12231	PERCEPTION
4	nodded	nod	False	False	1011	12274	WINK
0	said	say	False	False	1013	12286	COMMUNICATION
0	got	get	False	False	1013	12291	OBTAINING
8	keep	keep	True	False	1016	12309	POSSESSION
0	say	say	False	False	1018	12326	COMMUNICATION
8	got	get	False	False	1027	12405	OBTAINING
0	said	say	False	False	1029	12446	COMMUNICATION
0	got	get	False	False	1029	12453	OBTAINING
8	got	get	False	False	1030	12465	OBTAINING
8	produced	produce	False	False	1031	12471	CREATION
0	took	take	False	False	1032	12479	OBTAINING
4	was	be	False	False	1035	12502	STATE
0	let	let	False	False	1036	12514	ABOUNDING_WITH
7	murmured	murmur	False	False	1038	12539	COMMUNICATION
7	doubt	doubt	False	False	1042	12575	CONJECTURE
0	stared	star	False	False	1043	12580	CAPTAIN
7	standing	stand	False	False	1044	12590	BODY_POSITION
7	said Got	say got	False	False	1045	12599	COMMUNICATION
37	has	have	True	False	1045	12608	POSSESSION
0	said	say	False	False	1048	12624	COMMUNICATION
0	obliged	oblige	False	True	1048	12633	FORCE
10	drawn	draw	False	False	1049	12642	FORCE
0	looked	look	False	False	1050	12654	PERCEPTION
0	thrusting	thrust	False	False	1050	12660	CONTACT
0	said	say	False	False	1050	12670	COMMUNICATION
0	think	think	False	False	1050	12674	COGNITION
0	think	think	False	False	1051	12693	COGNITION
0	paused	pause	False	False	1052	12715	LINGER
0	went	go	False	False	1052	12718	MOTION
0	think	think	False	False	1054	12729	COGNITION
5	spoke	speak	False	False	1055	12759	COMMUNICATION
5	said	say	False	False	1056	12775	COMMUNICATION
5	received	receive	False	False	1057	12779	OBTAIN
5	met	meet	False	False	1058	12802	SOCIAL
5	took	take	False	False	1059	12815	OBTAINING
5	acquainted	acquaint	False	True	1060	12827	FAMILIARITY
5	am	be	False	False	1061	12840	STATE
5	met	meet	True	False	1061	12847	SOCIAL
5	become	become	False	False	1061	12850	BECOMING
0	said	say	False	False	1062	12866	COMMUNICATION
10	have	have	False	False	1062	12870	POSSESSION
5	fetch	fetch	False	False	1063	12883	OBTAINING
5	went	go	False	False	1064	12890	MOTION
5	returned	return	False	False	1064	12893	CONTRIBUTE
0	read	read	False	False	1065	12903	DISCOVER
0	said	say	False	False	1066	12907	COMMUNICATION
0	begin understand	begin understand	False	False	1066	12911	ASPECT
0	said	say	False	False	1069	12931	COMMUNICATION
7	said Got	say got	False	False	1070	12938	COMMUNICATION
7	had	have	False	False	1073	12961	POSSESSION
0	nodded	nod	False	False	1075	12982	WINK
0	said	say	False	False	1076	12985	COMMUNICATION
7	called	call	False	True	1077	12995	COMMUNICATION
0	see	see	False	False	1078	13002	PERCEPTION
10	had	have	False	False	1079	13005	POSSESSION
0	said give	say give	False	False	1082	13030	COMMUNICATION
0	presume	presume	False	False	1083	13045	AWARENESS
2	said	say	False	False	1085	13073	COMMUNICATION
2	thought	think	False	False	1085	13083	COGNITION
0	lifted	lift	False	False	1086	13092	PUT_DIRECTION
6	muttered Got	mutter got	False	False	1092	13153	MANNER_SPEAKING
6	excuse	excuse	False	False	1092	13179	JUDGEMENT
6	'm	be	False	False	1094	13190	STATE
0	said	say	False	False	1095	13195	COMMUNICATION
2	Was come	be come	False	False	1097	13209	STATE
2	made	make	False	False	1098	13222	CREATION
2	said	say	False	False	1099	13235	COMMUNICATION
2	fell	fall	False	False	1100	13246	CALIBRATABLE_COS
2	torn	tear	False	False	1101	13254	BREAK
0	turned	turn	False	False	1102	13263	MOTION
0	said	say	False	False	1104	13284	COMMUNICATION
0	am	be	False	False	1107	13326	STATE
0	say	say	False	False	1111	13371	COMMUNICATION
4	said	say	False	False	1112	13380	COMMUNICATION
4	suppose	suppose	False	False	1113	13395	COGNITION
4	admit	admit	False	False	1113	13399	ADMIT
10	are	be	False	False	1114	13410	STATE
2	said	say	False	False	1116	13429	COMMUNICATION
0	are	be	False	False	1117	13435	STATE
0	noticed	notice	False	False	1117	13451	PERCEPTION
0	're	be	False	False	1117	13456	STATE
10	claim come	claim come	False	False	1118	13462	COMMUNICATION
0	set	set	True	False	1119	13488	PLACEMENT
7	moved	move	False	False	1122	13511	MOTION
0	swine	swine	False	False	1124	13528	
4	flung	fling	False	False	1126	13540	THROW
4	set	set	False	False	1126	13545	PLACEMENT
4	said	say	False	False	1127	13560	COMMUNICATION
10	got	get	False	False	1127	13554	OBTAINING
4	got	get	False	False	1128	13565	OBTAINING
4	see	see	False	False	1128	13571	PERCEPTION
4	'm	be	False	False	1129	13575	STATE
4	run	run	False	False	1130	13583	MOTION
4	put	put	False	True	1131	13592	PLACEMENT
0	asked	ask	False	False	1132	13601	COMMUNICATION
37	wanted done	want do	False	False	1134	13627	DESIRE
4	was join	be join	False	False	1135	13631	STATE
4	given	give	False	True	1136	13645	TRANSFER
4	was watch	be watch	False	False	1137	13651	STATE
4	said	say	False	False	1139	13665	COMMUNICATION
4	believe	believe	True	False	1141	13682	COGNITION
0	said	say	False	False	1143	13716	COMMUNICATION
0	think	think	False	False	1143	13710	COGNITION
0	nodded	nod	False	False	1149	13804	WINK
0	said	say	False	False	1150	13808	COMMUNICATION
0	've	have	False	False	1151	13816	POSSESSION
0	add	add	False	False	1156	13891	MIX
0	took	take	False	False	1157	13901	OBTAINING
0	tossed	toss	False	False	1157	13908	CRANE
0	seen	see	True	False	1159	13933	PERCEPTION
25	went	go	False	False	1160	13940	MOTION
25	write	write	False	False	1161	13956	LECTURE
0	mention	mention	False	False	1163	13987	COMMUNICATION
3	knows	know	False	False	1164	14016	COGNITION
3	taken	take	False	False	1164	14019	OBTAINING
3	is	be	False	False	1165	14039	STATE
3	is	be	False	False	1165	14049	STATE
3	be	be	False	False	1165	14037	STATE
3	knows	know	False	False	1166	14057	COGNITION
3	knows	know	False	False	1167	14070	COGNITION
3	knows	know	False	False	1168	14087	COGNITION
5	was	be	False	False	1168	14092	STATE
5	met	meet	False	False	1168	14105	SOCIAL
3	knows	know	False	False	1169	14109	COGNITION
0	paused	pause	False	False	1170	14120	LINGER
0	said	say	False	False	1171	14124	COMMUNICATION
3	knows	know	False	False	1171	14128	COGNITION
3	made	make	False	False	1172	14147	CREATION
6	shouted	shout	False	False	1174	14161	COMMUNICATION
3	getting	get	False	False	1180	14227	OBTAINING
0	said	say	False	False	1182	14243	COMMUNICATION
0	wish say	wish say	False	False	1182	14253	DESIRE
3	accuses	accuse	False	False	1183	14261	SOCIAL
0	remember	remember	False	False	1184	14272	COGNITION
13	came	come	False	False	1185	14278	MOTION
13	charged	charge	False	True	1186	14293	BILL
13	defended	defend	False	True	1187	14306	DEFEND
13	made	make	False	True	1187	14308	CREATION
13	was	be	False	False	1188	14327	STATE
0	summed	sum	False	False	1189	14332	ACTIVITY_RESUME
0	brought	bring	False	False	1189	14339	TRANSFER
0	concurred	concur	False	False	1190	14352	CORRESPOND
37	executed	execute	False	True	1192	14376	KILLING
0	wish say	wish say	False	False	1193	14379	DESIRE
0	did	do	False	False	1194	14396	ABANDONMENT
0	passed	pass	False	False	1195	14404	TRANSFER
3	remembering	remember	False	False	1196	14415	COGNITION
3	met	meet	False	False	1199	14433	SOCIAL
29	been	be	False	False	1200	14453	STATE
3	heard	hear	False	False	1203	14474	PERCEPTION
0	was	be	False	False	1203	14479	STATE
0	knows	know	False	False	1206	14503	COGNITION
0	had	have	False	False	1207	14515	POSSESSION
3	consider	consider	False	False	1209	14537	COGNITION
3	asked	ask	False	False	1209	14545	COMMUNICATION
0	know	know	False	False	1209	14551	COGNITION
3	mean	mean	False	False	1210	14557	CONJECTURE
0	said	say	False	False	1212	14578	COMMUNICATION
0	knew	know	False	False	1212	14582	COGNITION
3	said	say	False	False	1213	14593	COMMUNICATION
3	know	know	False	False	1213	14604	COGNITION
13	lying	lie	False	False	1213	14607	BODY_POSITION
1	spoke	speak	False	False	1215	14616	COMMUNICATION
1	said	say	False	False	1216	14623	COMMUNICATION
1	like tell	like tell	False	False	1216	14628	EMOTION
1	was	be	False	False	1218	14641	STATE
15	forbidden swim	forbid swim	False	True	1219	14649	FORBID
15	started	start	False	False	1220	14665	ASPECT
1	swam	swam	False	False	1221	14669	BIOLOGICAL_AREA
1	get	get	True	False	1222	14676	OBTAINING
1	broke	break	False	False	1229	14741	APPEAR
6	patted	pat	False	False	1230	14749	CONTACT
2	said	say	False	False	1239	14839	COMMUNICATION
19	was	be	False	False	1240	14849	STATE
19	killed	kill	False	True	1242	14864	KILLING
6	sat	sit	False	False	1247	14901	BODY_POSITION
2	spoke	speak	False	False	1250	14924	COMMUNICATION
2	said	say	False	False	1252	14932	COMMUNICATION
7	said	say	False	False	1252	14943	COMMUNICATION
2	grinned	grin	False	False	1253	14953	NONVERBAL_EXPRESSION
2	left	leave	False	False	1255	14962	MOTION
2	took	take	False	False	1258	14985	OBTAINING
6	said	say	False	False	1259	14997	COMMUNICATION
10	abandoned	abandon	False	False	1259	15002	MOTION
10	left starve	leave starve	False	False	1259	15006	MOTION
2	said	say	False	False	1260	15013	COMMUNICATION
2	'm	be	False	False	1260	15026	STATE
0	know	know	False	False	1262	15048	COGNITION
1	lifted	lift	False	False	1264	15062	PUT_DIRECTION
1	said	say	False	False	1265	15070	COMMUNICATION
10	left die	leave die	False	False	1265	15078	MOTION
2	answered	answer	False	False	1266	15086	COMMUNICATION
2	left die	leave die	False	False	1266	15090	MOTION
7	said	say	False	False	1268	15107	COMMUNICATION
7	thinking	think	False	False	1268	15119	COGNITION
7	ran	run	False	False	1269	15134	MOTION
0	said	say	False	False	1271	15147	COMMUNICATION
7	said	say	False	False	1272	15160	COMMUNICATION
7	thinking	think	False	False	1272	15167	COGNITION
7	was	be	False	False	1272	15183	STATE
0	're	be	False	False	1272	15177	STATE
7	had	have	False	False	1275	15208	POSSESSION
7	are	be	False	False	1278	15239	STATE
7	shrugged	shrug	False	False	1279	15248	WINK
7	said	say	False	False	1280	15253	COMMUNICATION
7	looked	look	False	False	1283	15282	PERCEPTION
7	picked	pick	False	False	1283	15289	CHEW
7	went	go	False	False	1283	15296	MOTION
7	helped	help	False	False	1283	15303	SOCIAL
7	said	say	False	False	1284	15312	COMMUNICATION
8	moistening	moisten	False	False	1287	15344	OTHER_COS
8	twisting	twist	False	False	1287	15348	COIL
8	said	say	False	False	1288	15353	COMMUNICATION
8	say	say	False	False	1288	15366	COMMUNICATION
2	said	say	False	False	1289	15374	COMMUNICATION
8	cleared	clear	False	False	1290	15384	CLEAR
8	passed	pass	False	False	1290	15388	TRANSFER
9	were	be	False	False	1294	15433	STATE
22	died	die	False	False	1294	15439	DEATH
22	was	be	False	False	1295	15442	STATE
22	taken	take	False	True	1296	15473	OBTAINING
8	went	go	False	False	1299	15493	MOTION
2	looked	look	False	False	1306	15549	PERCEPTION
2	remembered	remember	False	False	1307	15569	COGNITION
2	thought	think	False	False	1308	15579	COGNITION
2	say	say	True	False	1308	15584	COMMUNICATION
4	spoke	speak	False	False	1309	15593	COMMUNICATION
4	spoke	speak	False	False	1309	15595	COMMUNICATION
4	said Came	say come	False	False	1310	15604	COMMUNICATION
8	drew	draw	False	False	1312	15622	FORCE
8	said	say	False	False	1313	15627	COMMUNICATION
22	left	leave	False	False	1313	15633	MOTION
4	like know	like know	True	False	1314	15650	EMOTION
2	said	say	False	False	1315	15656	COMMUNICATION
4	went	go	False	False	1318	15684	MOTION
0	mean	mean	False	False	1319	15691	CONJECTURE
0	stirred	stir	False	False	1321	15707	AMUSE
0	said	say	False	False	1322	15710	COMMUNICATION
0	remember	remember	False	False	1322	15714	COGNITION
0	remember	remember	False	False	1323	15725	COGNITION
18	convicted	convict	False	True	1324	15731	VERDICT
10	were	be	False	False	1325	15737	STATE
4	said	say	False	False	1326	15749	COMMUNICATION
4	was	be	False	False	1326	15753	STATE
18	got	get	False	False	1327	15758	OBTAINING
18	died	die	False	False	1327	15764	DEATH
18	was	be	False	False	1328	15772	STATE
4	said	say	False	False	1329	15779	COMMUNICATION
18	was	be	False	False	1329	15783	STATE
0	said	say	False	False	1332	15807	COMMUNICATION
10	complimented	compliment	False	True	1332	15813	JUDGEMENT
0	think	think	False	False	1332	15816	COGNITION
4	said	say	False	False	1333	15828	COMMUNICATION
4	got	get	False	False	1333	15833	OBTAINING
4	added	add	False	False	1334	15839	MIX
4	doing	do	False	False	1334	15849	ABANDONMENT
2	laughed	laugh	False	False	1335	15855	NONVERBAL_EXPRESSION
2	said	say	False	False	1336	15863	COMMUNICATION
2	excepted	except	False	False	1337	15883	
5	glanced	glance	False	False	1340	15906	PEER
5	drew	draw	False	False	1340	15913	FORCE
3	shook	shake	False	False	1341	15928	AMUSE
3	said	say	False	False	1342	15948	COMMUNICATION
3	'm understand	be understand	False	False	1342	15937	STATE
3	remember having	remember have	True	False	1346	15973	COGNITION
3	sighed	sigh	False	False	1352	16052	NONVERBAL_EXPRESSION
3	thought	think	False	False	1353	16059	COGNITION
3	operated	operate	False	False	1354	16075	OTHER_COS
3	killed	kill	False	False	1356	16086	KILLING
3	been	be	False	False	1357	16103	STATE
5	became	become	False	False	1365	16186	BECOMING
5	said	say	False	False	1367	16201	COMMUNICATION
5	say	say	False	False	1367	16210	COMMUNICATION
5	have	have	False	False	1368	16214	POSSESSION
0	said	say	False	False	1369	16222	COMMUNICATION
0	stroked	stroke	False	False	1372	16242	CONTACT
0	said	say	False	False	1373	16247	COMMUNICATION
10	reserve	reserve	False	False	1373	16252	OBTAINING
5	said	say	False	False	1374	16259	COMMUNICATION
5	acted	act	False	False	1375	16273	MASQUERADE
5	have	have	False	False	1376	16284	POSSESSION
5	was	be	True	False	1378	16305	STATE
5	sat	sit	False	False	1379	16316	BODY_POSITION
0	cleared	clear	False	False	1380	16321	CLEAR
0	said	say	False	False	1381	16330	COMMUNICATION
10	're	be	False	False	1385	16370	STATE
0	said	say	False	False	1387	16384	COMMUNICATION
0	am	be	True	False	1387	16388	STATE
0	suggest	suggest	False	False	1391	16454	REFLEXIVE_APPEARANCE
8	said	say	False	False	1392	16462	COMMUNICATION
8	beg	beg	False	False	1392	16466	ACTIVITY_START
8	's	be	False	False	1392	16474	STATE
0	said	say	False	False	1398	16537	COMMUNICATION
7	said	say	False	False	1401	16594	COMMUNICATION
0	said	say	False	False	1405	16621	COMMUNICATION
0	have	have	False	False	1405	16632	POSSESSION
0	call	call	False	False	1405	16642	COMMUNICATION
7	said	say	False	False	1406	16647	COMMUNICATION
7	'm	be	False	False	1407	16660	STATE
7	picked	pick	False	False	1409	16672	CHEW
7	drank	drank	False	False	1409	16677	
7	choked	choke	False	False	1411	16690	FILL
7	gasped	gasp	False	False	1413	16703	NONVERBAL_EXPRESSION
3	jumped	jump	False	False	1417	16755	CALIBRATABLE_COS
3	went	go	False	False	1417	16758	MOTION
3	raised	raise	False	False	1418	16769	CRANE
3	said	say	False	False	1419	16778	COMMUNICATION
7	's	be	False	False	1420	16790	STATE
7	Struck	strike	False	False	1425	16822	CONTACT
3	peering	peer	False	False	1428	16858	PEER
3	sniffed	sniff	False	False	1429	16867	NONVERBAL_EXPRESSION
3	picked	pick	False	False	1430	16876	CHEW
7	drinking	drink	False	False	1430	16886	CONSUMPTION
6	said	say	False	False	1431	16890	COMMUNICATION
13	choked	choke	False	False	1432	16900	FILL
3	said	say	False	False	1433	16909	COMMUNICATION
10	call	call	False	False	1433	16914	COMMUNICATION
0	like	like	False	False	1433	16919	EMOTION
7	died	die	False	False	1434	16922	DEATH
3	sniffing	sniff	False	False	1435	16931	NONVERBAL_EXPRESSION
3	dipped	dip	False	False	1436	16938	CALIBRATABLE_COS
3	touched	touch	False	False	1436	16948	CONTACT
6	said	say	False	False	1438	16964	COMMUNICATION
3	stood	stand	False	False	1440	17005	BODY_POSITION
3	said	say	False	False	1441	17009	COMMUNICATION
1	said	say	False	False	1443	17040	COMMUNICATION
3	nodded	nod	False	False	1444	17058	WINK
3	strode	stride	False	False	1452	17113	MOTION
3	removed	remove	False	False	1453	17123	BANISH
3	smelt	smell	False	False	1453	17130	PERCEPTION
3	tasted	taste	False	False	1453	17132	PERCEPTION
3	tasted	taste	False	False	1454	17137	PERCEPTION
3	shook	shake	False	False	1455	17143	AMUSE
10	mean	mean	False	False	1457	17160	CONJECTURE
7	put	put	False	False	1457	17165	PLACEMENT
3	nodded	nod	False	False	1458	17175	WINK
3	said	say	False	False	1459	17183	COMMUNICATION
4	said	say	False	False	1460	17192	COMMUNICATION
1	said	say	False	False	1462	17207	COMMUNICATION
7	kill	kill	False	False	1462	17218	KILLING
7	was	be	False	False	1463	17222	STATE
7	was enjoying	be enjoy	False	False	1464	17227	STATE
7	came	come	False	False	1465	17236	MOTION
7	looked	look	False	False	1465	17246	PERCEPTION
7	looked	look	False	False	1465	17249	PERCEPTION
1	explain	explain	True	False	1466	17256	COMMUNICATION
1	meant	mean	False	False	1467	17264	CONJECTURE
7	seemed	seem	False	False	1468	17279	GIVE_IMPRESSION
7	lay	lie	False	False	1469	17295	BODY_POSITION
3	said	say	False	False	1470	17302	COMMUNICATION
7	go	go	False	False	1474	17341	MOTION
7	help	help	False	False	1474	17344	SOCIAL
7	commit	commit	False	False	1476	17373	CONFINE
4	said	say	False	False	1477	17377	COMMUNICATION
10	know	know	False	False	1477	17382	COGNITION
4	said	say	True	False	1478	17398	COMMUNICATION
7	was	be	False	False	1478	17401	STATE
3	answered	answer	False	False	1479	17410	COMMUNICATION
3	agree	agree	False	False	1479	17414	SOCIAL
3	carried	carry	False	False	1483	17440	CARRY
3	laid	lay	False	False	1483	17452	PLACEMENT
5	said	say	False	False	1485	17488	COMMUNICATION
0	said	say	False	False	1490	17537	COMMUNICATION
8	said	say	False	False	1491	17550	COMMUNICATION
8	cleared	clear	True	False	1491	17556	CLEAR
2	said	say	False	False	1492	17567	COMMUNICATION
3	said	say	False	False	1493	17579	COMMUNICATION
5	Is	be	False	False	1493	17584	STATE
3	go	go	False	False	1494	17594	MOTION
3	see	see	False	False	1494	17596	PERCEPTION
3	returned	return	False	False	1495	17602	CONTRIBUTE
5	is	be	False	False	1496	17614	STATE
3	said	say	False	False	1497	17621	COMMUNICATION
3	put	put	False	False	1500	17640	PLACEMENT
3	make	make	False	False	1500	17649	CREATION
3	turn	turn	False	False	1500	17661	MOTION
3	went	go	False	False	1501	17666	MOTION
0	removed	remove	False	False	1512	17831	BANISH
0	prepared	prepare	False	False	1512	17835	PREPARING
0	thinking	think	False	False	1513	17842	COGNITION
0	remembered	remember	False	False	1514	17848	COGNITION
0	bungled	bungle	False	False	1517	17897	BUNGLING
0	been	be	False	False	1518	17904	STATE
29	been	be	False	False	1519	17928	STATE
13	come	come	False	False	1523	17960	MOTION
13	got	get	True	False	1524	17973	OBTAINING
0	wound	wind	False	False	1527	18004	COIL
0	placed	place	False	False	1527	18010	PLACEMENT
0	remembered	remember	False	False	1528	18017	COGNITION
0	felt sitting	feel sit	False	False	1528	18022	PERCEPTION
0	enjoyed	enjoy	False	False	1529	18047	EMOTION
0	failed remove	fail remove	False	False	1531	18068	NEGLECT
0	removed	remove	False	False	1533	18096	BANISH
0	dropped	drop	False	False	1533	18101	CALIBRATABLE_COS
0	smiled	smile	False	False	1536	18132	NONVERBAL_EXPRESSION
0	cooked	cook	False	False	1537	18138	CREATION
0	climbed	climb	False	False	1538	18152	CALIBRATABLE_COS
0	turned	turn	False	False	1538	18156	MOTION
8	stood	stand	False	False	1540	18174	BODY_POSITION
8	staring	star	False	False	1541	18179	CAPTAIN
8	muttered	mutter	False	False	1542	18192	MANNER_SPEAKING
8	sworn	swear	False	False	1543	18206	CONJECTURE
6	tossed side	toss side	False	False	1545	18220	CRANE
6	kept seeing	keep see	False	False	1547	18237	POSSESSION
6	liked	like	False	False	1548	18246	EMOTION
6	damned	damn	False	True	1548	18251	JUDGEMENT
6	been	be	False	False	1549	18258	STATE
20	liked	like	False	False	1549	18262	EMOTION
20	was	be	False	False	1550	18267	STATE
20	turn	turn	False	False	1551	18278	MOTION
20	found	find	True	False	1554	18299	OBTAINING
20	teased	tease	False	False	1557	18327	AMUSE
20	made	make	False	False	1557	18330	CREATION
20	ragged	rag	False	False	1557	18335	BRAGGING
6	been	be	False	False	1558	18344	STATE
20	took	take	False	False	1558	18351	OBTAINING
19	was	be	False	False	1560	18370	STATE
6	loved	love	False	False	1561	18383	EMOTION
6	see	see	False	False	1562	18388	PERCEPTION
20	dancing	dance	False	False	1563	18398	MODES_OF_BEING_WITH_MOTION
6	loved	love	False	False	1564	18414	EMOTION
6	believed	believe	False	False	1564	18419	COGNITION
6	sat	sit	False	False	1565	18441	BODY_POSITION
6	taken	take	False	False	1565	18446	OBTAINING
6	found	find	False	False	1566	18462	OBTAINING
20	writing	write	False	False	1569	18488	LECTURE
20	put	put	False	False	1570	18495	PLACEMENT
6	feel	feel	False	False	1571	18518	PERCEPTION
6	managed carry	manage carry	False	False	1583	18605	COPE
6	tried make	try make	False	False	1584	18618	ATTEMPT
6	succeeded	succeed	False	False	1585	18631	COPE
6	thought	think	False	False	1586	18634	COGNITION
19	suspected	suspect	True	False	1587	18640	COGNITION
28	looked	look	False	False	1589	18667	PERCEPTION
28	had	have	False	False	1590	18683	POSSESSION
28	guessed	guess	False	False	1591	18694	CONJECTURE
28	sent	send	False	False	1592	18703	TRANSFER
6	lost	lose	False	False	1599	18775	CONTRIBUTE
6	made	make	False	False	1599	18781	CREATION
6	sacrificed	sacrifice	False	False	1599	18786	CONTRIBUTE
28	was	be	False	False	1601	18803	STATE
28	looked	look	False	False	1602	18808	PERCEPTION
28	known	know	False	False	1603	18818	COGNITION
19	sent	send	False	True	1603	18827	TRANSFER
28	talked	talk	False	False	1604	18841	COMMUNICATION
20	known	know	True	False	1605	18847	COGNITION
20	wept	weep	False	False	1606	18851	BREATHE
20	was	be	False	False	1606	18862	STATE
20	seemed	seem	True	False	1608	18899	GIVE_IMPRESSION
20	got	get	False	False	1609	18916	OBTAINING
20	died	die	False	False	1609	18920	DEATH
28	talked	talk	False	False	1625	19077	COMMUNICATION
28	talked	talk	False	False	1634	19156	COMMUNICATION
9	was	be	False	False	1647	19297	STATE
1	lay	lie	False	False	1666	19519	BODY_POSITION
1	was	be	False	False	1668	19540	STATE
1	thinking	think	False	False	1669	19548	COGNITION
1	feel	feel	False	False	1670	19558	PERCEPTION
0	're	be	False	False	1670	19560	STATE
14	is	be	False	False	1672	19575	STATE
1	know	know	True	False	1673	19582	COGNITION
1	know	know	True	False	1674	19587	COGNITION
14	went	go	False	False	1675	19591	MOTION
14	was	be	False	False	1677	19615	STATE
1	had think	have think	False	False	1678	19621	POSSESSION
15	want swim	want swim	False	False	1683	19666	DESIRE
15	swim	swim	True	False	1685	19681	MOTION
15	was	be	False	False	1687	19704	STATE
14	think	think	False	False	1689	19722	COGNITION
14	will	will	False	False	1689	19725	FUTURE_HAVING
14	love	love	False	False	1693	19755	EMOTION
14	love	love	False	False	1693	19759	EMOTION
10	know	know	False	False	1694	19763	COGNITION
14	love	love	False	False	1694	19765	EMOTION
1	knew	know	False	False	1695	19774	COGNITION
1	knew	know	False	False	1696	19780	COGNITION
14	ask marry	ask marry	True	False	1697	19787	COMMUNICATION
14	got	get	True	False	1698	19796	OBTAINING
14	do	do	False	False	1699	19804	ABANDONMENT
0	know	know	False	False	1700	19812	COGNITION
14	had	have	False	False	1700	19820	POSSESSION
15	born	bear	True	True	1701	19836	ADMIRE
15	been	be	False	False	1702	19847	STATE
15	been	be	False	False	1705	19857	STATE
14	come	come	False	False	1705	19864	MOTION
14	disappointed	disappoint	False	True	1706	19871	AMUSE
14	admitted	admit	False	False	1706	19874	ADMIT
14	built	build	True	False	1707	19880	CREATION
14	'm	be	False	False	1711	19911	STATE
14	was	be	False	False	1712	19920	STATE
15	was	be	True	False	1715	19946	STATE
15	swim	swim	True	False	1719	19987	MOTION
1	got	get	False	False	1722	20015	OBTAINING
1	went	go	False	False	1723	20019	MOTION
1	swallowed	swallow	False	False	1723	20026	GOBBLE
1	thought	think	False	False	1724	20031	COGNITION
1	wish	wish	False	False	1724	20035	DESIRE
1	had	have	False	False	1724	20037	POSSESSION
1	thought	think	False	False	1725	20045	COGNITION
1	doing	do	False	False	1725	20051	ABANDONMENT
1	take	take	False	False	1725	20057	OBTAINING
1	shuddered	shudder	False	False	1726	20072	BODY_INTERNAL_STATES
1	remembered	remember	False	False	1726	20075	COGNITION
1	passed	pass	False	False	1727	20085	TRANSFER
1	looked	look	False	False	1727	20090	PERCEPTION
1	thought	think	False	False	1729	20118	COGNITION
7	wanted die	want die	False	False	1730	20138	DESIRE
1	want die	want die	True	False	1731	20145	DESIRE
1	imagine wanting die	imagine want die	True	False	1732	20152	CHARACTERIZE
3	dreaming	dream	False	False	1735	20172	DESIRE
3	doing	do	False	False	1745	20238	ABANDONMENT
3	had kill	have kill	False	False	1750	20276	POSSESSION
3	remember	remember	True	False	1751	20283	COGNITION
3	know	know	False	False	1752	20288	COGNITION
3	ask	ask	False	False	1753	20292	COMMUNICATION
3	ask	ask	True	False	1755	20305	COMMUNICATION
3	see	see	False	False	1756	20314	PERCEPTION
3	see	see	False	False	1759	20342	PERCEPTION
3	had kill	have kill	False	False	1764	20374	POSSESSION
5	saying	say	False	False	1767	20392	COMMUNICATION
5	laughing	laugh	False	False	1769	20409	NONVERBAL_EXPRESSION
3	got see	get see	False	False	1771	20425	OBTAINING
3	got give	get give	False	False	1772	20431	OBTAINING
3	brought	bring	False	False	1774	20445	TRANSFER
7	's	be	True	False	1783	20506	STATE
7	laughing	laugh	False	False	1783	20511	NONVERBAL_EXPRESSION
7	laughing	laugh	False	False	1784	20519	NONVERBAL_EXPRESSION
7	shaking	shake	False	False	1785	20523	AMUSE
3	woke	wake	False	False	1788	20549	OTHER_COS
8	saying	say	False	False	1793	20585	COMMUNICATION
3	woke	wake	False	False	1794	20595	OTHER_COS
3	sat	sit	False	False	1795	20600	BODY_POSITION
3	said	say	False	False	1796	20606	COMMUNICATION
8	get	get	True	False	1798	20626	OBTAINING
5	wake	wake	False	False	1798	20629	OTHER_COS
8	get	get	True	False	1800	20637	OBTAINING
5	wake	wake	False	False	1800	20640	OTHER_COS
5	look	look	True	False	1801	20648	PERCEPTION
3	was	be	False	False	1802	20656	STATE
3	wrapped	wrap	False	False	1803	20662	SPRAY
3	followed	follow	False	False	1803	20670	MOTION
3	bent	bend	False	False	1804	20674	ASSUMING_POSITION
9	lying	lie	False	False	1804	20682	BODY_POSITION
3	lifted	lift	False	False	1805	20689	PUT_DIRECTION
3	raised	raise	False	False	1805	20694	CRANE
3	straightened	straighten	False	False	1806	20705	OTHER_COS
3	turned	turn	False	False	1806	20708	MOTION
8	whispered	whisper	False	False	1807	20714	COMMUNICATION
8	passed	pass	False	False	1808	20728	TRANSFER
3	nodded	nod	False	False	1809	20736	WINK
8	said	say	False	False	1813	20778	COMMUNICATION
3	was	be	False	False	1814	20797	STATE
3	said	say	False	False	1815	20807	COMMUNICATION
8	said	say	False	False	1816	20819	COMMUNICATION
8	stared	star	False	False	1819	20843	CAPTAIN
10	'd	have	False	False	1821	20861	POSSESSION
8	knew	know	True	False	1823	20880	COGNITION
3	said	say	False	False	1824	20886	COMMUNICATION
8	muttered	mutter	False	False	1827	20915	MANNER_SPEAKING
3	said	say	False	False	1829	20930	COMMUNICATION
8	stared	star	False	False	1830	20945	CAPTAIN
8	knew	know	True	False	1833	20963	COGNITION
8	'm	be	False	False	1834	20967	STATE
3	went	go	False	False	1835	20975	MOTION
8	helped	help	False	False	1838	21016	SOCIAL
8	said	say	False	False	1841	21049	COMMUNICATION
0	gave	give	False	False	1841	21065	TRANSFER
1	been	be	False	False	1845	21119	STATE
4	said	say	False	False	1847	21146	COMMUNICATION
4	watching	watch	False	False	1848	21160	PERCEPTION
1	said	say	False	False	1849	21166	COMMUNICATION
2	looking	look	False	False	1851	21186	PERCEPTION
2	said	say	False	False	1852	21196	COMMUNICATION
4	remarked	remark	False	False	1853	21215	LECTURE
2	pursed	purse	False	False	1854	21226	CRANE
2	said	say	False	False	1855	21235	COMMUNICATION
4	said	say	False	False	1856	21252	COMMUNICATION
2	said	say	False	False	1858	21272	COMMUNICATION
2	do	do	False	False	1859	21281	ABANDONMENT
4	said	say	False	False	1860	21294	COMMUNICATION
10	know	know	False	False	1860	21304	COGNITION
2	wanted do	want do	False	False	1860	21314	DESIRE
4	worrying	worry	False	False	1861	21323	AMUSE
1	was	be	False	False	1862	21331	STATE
2	hung	hang	False	False	1863	21337	ASSUMING_POSITION
2	said	say	False	False	1864	21342	COMMUNICATION
2	want	want	False	False	1865	21354	DESIRE
4	say	say	False	False	1867	21367	COMMUNICATION
2	was	be	False	False	1867	21369	STATE
5	came	come	False	False	1868	21374	MOTION
5	said	say	False	False	1869	21385	COMMUNICATION
1	said	say	False	False	1870	21400	COMMUNICATION
8	held	hold	False	False	1873	21427	POSSESSION
5	said	say	False	False	1874	21446	COMMUNICATION
4	looks	look	False	False	1874	21451	PERCEPTION
3	cleared	clear	False	False	1875	21467	CLEAR
3	said	say	False	False	1876	21472	COMMUNICATION
10	excuse	excuse	False	False	1876	21477	JUDGEMENT
8	had do	have do	False	False	1877	21488	POSSESSION
8	can	can	False	False	1877	21494	POCKET
9	been	be	True	False	1878	21506	STATE
5	said	say	False	False	1879	21517	COMMUNICATION
3	said Let	say let	False	False	1880	21532	COMMUNICATION
3	want discuss	want discuss	False	False	1882	21555	DESIRE
3	moved	move	False	False	1889	21635	MOTION
3	cleared	clear	False	False	1889	21642	CLEAR
3	spoke	speak	False	False	1889	21647	COMMUNICATION
3	said	say	False	False	1890	21650	COMMUNICATION
3	thought wait	think wait	False	False	1890	21654	COGNITION
0	had	have	False	False	1890	21662	POSSESSION
9	died	die	False	False	1891	21677	DEATH
1	exclaimed	exclaim	False	False	1893	21691	COMMUNICATION
0	said	say	False	False	1895	21715	COMMUNICATION
3	shrugged	shrug	False	False	1896	21738	WINK
3	give	give	True	False	1899	21762	TRANSFER
3	have	have	False	False	1900	21767	POSSESSION
1	said	say	False	False	1901	21781	COMMUNICATION
9	was	be	False	False	1901	21785	STATE
9	had	have	False	False	1902	21795	POSSESSION
1	suppose	suppose	False	False	1903	21809	COGNITION
3	said	say	False	False	1904	21814	COMMUNICATION
5	said	say	False	False	1908	21857	COMMUNICATION
3	turned	turn	False	False	1909	21860	MOTION
0	mean	mean	False	False	1910	21869	CONJECTURE
5	said	say	False	False	1911	21886	COMMUNICATION
10	heard	hear	False	False	1911	21891	PERCEPTION
9	accused	accuse	False	True	1912	21895	SOCIAL
0	think	think	False	False	1913	21918	COGNITION
5	said	say	False	False	1914	21923	COMMUNICATION
5	think	think	False	False	1914	21927	COGNITION
10	saw	see	False	False	1915	21936	PERCEPTION
9	broke	break	False	False	1916	21942	APPEAR
9	fainted	faint	False	False	1916	21946	CHANGE_BODILY_STATE
9	died	die	False	False	1918	21966	DEATH
3	shook	shake	False	False	1919	21973	AMUSE
3	said	say	False	False	1920	21987	COMMUNICATION
5	said	say	False	False	1923	22016	COMMUNICATION
4	said	say	False	False	1926	22040	COMMUNICATION
5	looked	look	False	False	1927	22057	PERCEPTION
5	said	say	False	False	1929	22070	COMMUNICATION
10	regard	regard	False	False	1929	22074	CHARACTERIZE
5	do	do	True	False	1930	22092	ABANDONMENT
0	stroked	stroke	False	False	1931	22098	CONTACT
5	leaves	leave	False	False	1932	22124	MOTION
5	is	be	False	False	1932	22138	STATE
5	shrugged	shrug	False	False	1934	22153	WINK
4	said	say	False	False	1935	22158	COMMUNICATION
9	have eat	have eat	False	False	1935	22165	POSSESSION
9	went	go	False	False	1935	22174	MOTION
3	said	say	False	False	1936	22181	COMMUNICATION
9	take	take	True	False	1937	22191	OBTAINING
3	bet	bet	False	False	1940	22206	BILL
9	had	have	False	False	1940	22209	POSSESSION
8	assures	assure	False	False	1942	22223	ADVISE
9	had	have	False	False	1942	22226	POSSESSION
4	said	say	False	False	1943	22235	COMMUNICATION
8	say	say	False	False	1944	22242	COMMUNICATION
3	looked	look	False	False	1945	22254	PERCEPTION
4	said	say	False	False	1947	22272	COMMUNICATION
8	polished	polish	False	False	1952	22320	BUTTER
1	interrupted	interrupt	False	False	1955	22349	INTERRUPT_PROCESS
1	said	say	False	False	1956	22356	COMMUNICATION
1	think	think	True	False	1956	22364	COGNITION
9	felt	feel	False	False	1956	22368	PERCEPTION
4	looked	look	False	False	1957	22373	PERCEPTION
4	resumed	resume	False	False	1959	22392	ASPECT
9	cracks	crack	False	False	1963	22432	BREAK
9	goes	go	False	False	1963	22435	MOTION
6	hung	hang	False	False	1964	22443	ASSUMING_POSITION
9	coming	come	False	False	1964	22449	MOTION
6	was	be	False	False	1967	22463	STATE
9	say	say	False	False	1968	22481	COMMUNICATION
9	give	give	False	False	1972	22527	TRANSFER
9	got	get	True	False	1973	22535	OBTAINING
9	's	be	False	False	1974	22547	STATE
9	is	be	False	False	1974	22559	STATE
6	's	be	False	False	1975	22562	STATE
6	lie	lie	False	False	1976	22568	BODY_POSITION
6	be	be	True	False	1976	22581	STATE
9	goes	go	False	False	1977	22589	MOTION
6	slips	slip	False	False	1978	22601	TRANSFER
6	makes	make	False	False	1978	22609	CREATION
4	snorted	snort	False	False	1981	22644	NONVERBAL_EXPRESSION
6	do	do	False	False	1983	22658	ABANDONMENT
9	drunk	drunk	False	False	1983	22662	INTOXICATION
6	said	say	False	False	1985	22688	COMMUNICATION
6	think	think	False	False	1986	22701	COGNITION
4	gave	give	False	False	1987	22717	TRANSFER
4	said	say	False	False	1988	22723	COMMUNICATION
8	came	come	False	False	1990	22763	MOTION
8	said	say	False	False	1991	22767	COMMUNICATION
8	get	get	False	False	1991	22783	OBTAINING
8	'm	be	False	False	1992	22787	STATE
8	run	run	False	False	1992	22798	MOTION
0	stirred	stir	False	False	1994	22820	AMUSE
0	asked	ask	False	False	1995	22828	COMMUNICATION
2	said	say	False	False	2000	22883	COMMUNICATION
2	nodded	nod	False	False	2003	22908	WINK
8	waited	wait	False	False	2004	22914	EXIST
6	spoke	speak	False	False	2005	22922	COMMUNICATION
8	inclined	incline	False	False	2008	22946	INCLINATION
8	took	take	False	False	2011	22962	OBTAINING
8	went	go	False	False	2011	22969	MOTION
4	looked	look	False	False	2015	22999	PERCEPTION
4	nodded	nod	False	False	2016	23004	WINK
4	said	say	False	False	2017	23009	COMMUNICATION
4	know	know	False	False	2017	23013	COGNITION
0	thinking	think	False	False	2017	23017	COGNITION
4	asked	ask	False	False	2018	23024	COMMUNICATION
2	asked	ask	False	False	2021	23057	COMMUNICATION
4	say	say	False	False	2022	23071	COMMUNICATION
2	said	say	False	False	2025	23093	COMMUNICATION
0	think	think	False	False	2025	23102	COGNITION
4	turned	turn	False	False	2028	23129	MOTION
4	viewed	view	False	False	2028	23135	CHARACTERIZE
10	think	think	False	False	2029	23143	COGNITION
6	said	say	False	False	2030	23152	COMMUNICATION
0	see	see	False	False	2036	23210	PERCEPTION
6	hesitated	hesitate	False	False	2037	23220	LINGER
6	said	say	False	False	2037	23224	COMMUNICATION
6	turned	turn	False	False	2040	23260	MOTION
6	walked	walk	False	False	2040	23263	MOTION
6	walked	walk	False	False	2042	23296	MOTION
4	said	say	False	False	2043	23311	COMMUNICATION
2	said	say	False	False	2045	23339	COMMUNICATION
2	fancy	fancy	True	False	2045	23345	ADMIRE
0	will	will	False	False	2045	23347	FUTURE_HAVING
4	laughed	laugh	False	False	2046	23356	NONVERBAL_EXPRESSION
4	added	add	False	False	2048	23373	MIX
4	think	think	True	False	2048	23381	COGNITION
0	going	go	False	False	2048	23385	MOTION
2	said	say	False	False	2049	23396	COMMUNICATION
2	feel	feel	False	False	2049	23400	PERCEPTION
2	thank	thank	False	False	2049	23407	SOCIAL
3	came	come	False	False	2051	23417	MOTION
3	stood	stand	False	False	2052	23424	BODY_POSITION
3	turned	turn	False	False	2055	23461	MOTION
8	came	come	False	False	2056	23471	MOTION
8	have	have	False	False	2057	23481	POSSESSION
3	turned	turn	False	False	2058	23493	MOTION
3	startled	startle	False	True	2059	23497	AMUSE
3	saw	see	False	False	2059	23501	PERCEPTION
3	taken	take	False	True	2063	23536	OBTAINING
8	have	have	False	False	2064	23547	POSSESSION
3	turned	turn	False	False	2066	23560	MOTION
3	re	re	False	False	2066	23563	ABOUNDING_WITH
3	-	-	False	False	2066	23564	ABOUNDING_WITH
3	entered	enter	False	False	2066	23565	MOTION
3	said	say	False	False	2067	23574	COMMUNICATION
0	come	come	False	False	2069	23595	MOTION
8	opened	open	False	False	2070	23601	APPEAR
3	passed	pass	False	False	2071	23610	TRANSFER
8	followed	follow	False	False	2072	23614	MOTION
8	shut	shut	False	False	2072	23617	OTHER_COS
3	said	say	False	False	2073	23627	COMMUNICATION
8	swallowing	swallow	False	False	2075	23647	GOBBLE
8	jerked	jerk	False	False	2076	23650	CONTACT
8	understand	understand	True	False	2076	23666	COGNITION
3	said	say	False	False	2077	23670	COMMUNICATION
10	think	think	False	False	2079	23683	COGNITION
8	'm	be	False	False	2079	23685	STATE
10	say	say	False	False	2080	23692	COMMUNICATION
8	swallowed	swallow	False	False	2086	23745	GOBBLE
8	said	say	False	False	2087	23749	COMMUNICATION
8	swear	swear	False	False	2091	23781	CONJECTURE
3	said	say	False	False	2092	23791	COMMUNICATION
8	came	come	False	False	2094	23808	MOTION
8	clearing	clear	False	False	2096	23825	CLEAR
8	noticed	notice	False	False	2097	23837	PERCEPTION
8	thought	think	False	False	2097	23840	COGNITION
8	thought	think	False	False	2098	23849	COGNITION
8	notice	notice	True	False	2100	23862	PERCEPTION
8	laid	lay	False	False	2100	23865	PLACEMENT
8	was	be	False	False	2101	23870	STATE
8	came	come	False	False	2102	23883	MOTION
0	believe	believe	True	False	2103	23895	COGNITION
5	suggested	suggest	False	False	2109	23932	REFLEXIVE_APPEARANCE
1	acquiesced	acquiesce	False	False	2110	23953	GIVING_IN
5	said	say	False	False	2115	24014	COMMUNICATION
8	seemed	seem	False	False	2115	24024	GIVE_IMPRESSION
8	brought	bring	False	False	2115	24020	TRANSFER
8	be	be	False	False	2116	24039	STATE
1	answer	answer	True	False	2117	24049	COMMUNICATION
1	fighting	fight	False	False	2118	24053	BATTLE
1	said	say	False	False	2119	24062	COMMUNICATION
10	keep	keep	False	False	2119	24070	POSSESSION
10	had	have	False	False	2121	24082	POSSESSION
1	said	say	False	False	2122	24089	COMMUNICATION
1	wish	wish	False	False	2122	24098	DESIRE
8	come	come	False	False	2122	24101	MOTION
1	want get	want get	False	False	2123	24104	DESIRE
5	said	say	False	False	2124	24112	COMMUNICATION
5	've	have	False	False	2124	24117	POSSESSION
1	said	say	False	False	2125	24126	COMMUNICATION
5	'm	be	False	False	2127	24157	STATE
5	had	have	False	False	2129	24183	POSSESSION
1	murmured	murmur	False	False	2130	24196	COMMUNICATION
1	suppose	suppose	True	False	2130	24201	COGNITION
5	said	say	False	False	2131	24215	COMMUNICATION
1	drew	draw	False	False	2132	24220	FORCE
1	said	say	False	False	2133	24227	COMMUNICATION
0	think	think	False	False	2133	24233	COGNITION
0	said	say	False	False	2133	24237	COMMUNICATION
0	referring	refer	False	False	2135	24258	CONTRIBUTE
1	said	say	False	False	2136	24262	COMMUNICATION
0	think	think	False	False	2136	24272	COGNITION
8	did	do	False	False	2136	24278	ABANDONMENT
5	gazed	gaze	False	False	2137	24288	PEER
5	said	say	False	False	2138	24296	COMMUNICATION
5	am	be	False	False	2138	24302	STATE
0	think	think	False	False	2139	24311	COGNITION
1	know think	know think	True	False	2140	24318	COGNITION
5	said	say	False	False	2141	24326	COMMUNICATION
9	fainted	faint	False	False	2142	24340	CHANGE_BODILY_STATE
37	dropped	drop	False	False	2143	24345	CALIBRATABLE_COS
8	spoke	speak	False	False	2144	24356	COMMUNICATION
5	'm	be	False	False	2145	24371	STATE
1	said	say	False	False	2146	24379	COMMUNICATION
9	looked	look	False	False	2146	24385	PERCEPTION
1	seen	see	True	False	2147	24396	PERCEPTION
9	haunted	haunt	False	True	2148	24409	AMUSE
5	murmured	murmur	False	False	2149	24417	COMMUNICATION
5	remember	remember	False	False	2149	24421	COGNITION
1	scrambled	scramble	False	False	2153	24464	PREPARING
1	said	say	False	False	2154	24470	COMMUNICATION
1	understand	understand	True	False	2158	24510	COGNITION
1	stopped	stop	False	False	2161	24540	ASPECT
5	said	say	False	False	2163	24564	COMMUNICATION
5	understand	understand	False	False	2163	24570	COGNITION
2	admits	admit	False	False	2165	24583	ADMIT
1	said	say	False	False	2166	24595	COMMUNICATION
5	said	say	False	False	2167	24607	COMMUNICATION
1	thought	think	False	False	2168	24622	COGNITION
1	going laugh	go laugh	False	False	2169	24637	MOTION
1	'm	be	False	False	2170	24642	STATE
1	'm	be	True	False	2171	24646	STATE
5	continued	continue	False	False	2172	24654	ASPECT
5	paused	pause	False	False	2175	24708	LINGER
5	went	go	False	False	2175	24711	MOTION
5	going say	go say	True	False	2175	24724	MOTION
1	listened	listen	False	False	2178	24748	PEER
5	continued	continue	False	False	2179	24754	ASPECT
17	was	be	False	False	2179	24760	STATE
5	found	find	False	False	2180	24773	OBTAINING
5	was	be	False	False	2181	24779	STATE
17	had	have	False	False	2182	24787	POSSESSION
17	was	be	False	False	2182	24791	STATE
5	was	be	False	False	2183	24798	STATE
17	was	be	False	False	2185	24814	STATE
5	found	find	False	False	2187	24830	OBTAINING
17	was	be	False	False	2187	24834	STATE
5	paused	pause	False	False	2188	24845	LINGER
5	'm	be	False	False	2191	24881	STATE
1	said	say	False	False	2192	24894	COMMUNICATION
5	keep	keep	True	False	2193	24911	POSSESSION
5	condoned	condone	False	False	2194	24926	JUDGEMENT
1	said	say	False	False	2195	24931	COMMUNICATION
5	said	say	False	False	2196	24947	COMMUNICATION
17	took	take	False	False	2197	24971	OBTAINING
1	whispered	whisper	False	False	2198	24978	COMMUNICATION
1	struck	strike	False	False	2198	24982	CONTACT
17	killed	kill	False	False	2198	24986	KILLING
17	threw	throw	False	False	2199	24994	AMUSE
1	shivered	shiver	False	False	2200	25002	BODY_INTERNAL_STATES
1	stared	star	False	False	2201	25005	CAPTAIN
1	said	say	False	False	2202	25016	COMMUNICATION
0	feel	feel	False	False	2202	25022	PERCEPTION
0	knew	know	False	False	2202	25026	COGNITION
17	done	do	False	False	2202	25029	ABANDONMENT
0	Were	be	True	False	2203	25032	STATE
0	blame	blame	True	False	2204	25040	SOCIAL
5	drew	draw	False	False	2205	25046	FORCE
5	had	have	False	False	2207	25054	POSSESSION
1	said	say	False	False	2208	25064	COMMUNICATION
5	said	say	False	False	2209	25081	COMMUNICATION
17	behaved	behave	False	False	2210	25104	MASQUERADE
5	turned	turn	False	False	2211	25120	MOTION
5	sat	sit	False	False	2214	25149	BODY_POSITION
5	was	be	False	False	2215	25169	STATE
5	was	be	False	False	2216	25180	STATE
3	came	come	False	False	2218	25189	MOTION
3	came	come	False	False	2218	25199	MOTION
0	sitting	sit	False	False	2219	25208	BODY_POSITION
2	were	be	False	False	2220	25223	STATE
3	hesitated	hesitate	False	False	2221	25239	LINGER
3	wanted consult	want consult	False	False	2223	25254	DESIRE
3	was	be	False	False	2224	25262	STATE
3	wavered	waver	False	False	2225	25275	MODES_OF_BEING_WITH_MOTION
0	have	have	False	False	2226	25281	POSSESSION
0	was	be	False	False	2226	25287	STATE
3	felt	feel	False	False	2227	25297	PERCEPTION
3	made	make	False	False	2228	25308	CREATION
3	speak	speak	False	False	2229	25318	COMMUNICATION
2	started	start	False	False	2230	25327	ASPECT
3	said	say	False	False	2234	25358	COMMUNICATION
3	want	want	False	False	2234	25362	DESIRE
2	said	say	False	False	2236	25374	COMMUNICATION
2	've	have	False	False	2236	25382	POSSESSION
3	mean	mean	False	False	2237	25394	CONJECTURE
3	said	say	False	False	2239	25411	COMMUNICATION
0	think	think	False	False	2239	25419	COGNITION
2	reflected	reflect	False	False	2240	25426	MARVEL
2	said	say	False	False	2241	25432	COMMUNICATION
0	accept	accept	False	False	2243	25459	APPROVE
2	puffed	puff	False	False	2244	25466	SUBSTANCE_EMISSION
2	said	say	False	False	2245	25473	COMMUNICATION
2	was	be	False	False	2248	25497	STATE
2	went	go	False	False	2249	25503	MOTION
8	got	get	False	False	2249	25520	OBTAINING
2	see	see	True	False	2250	25532	PERCEPTION
0	think	think	False	False	2251	25541	COGNITION
3	said	say	False	False	2253	25553	COMMUNICATION
3	asked	ask	False	False	2254	25565	COMMUNICATION
3	need go	need go	True	False	2256	25585	ORDER
3	used	use	False	False	2256	25604	CONSUME
2	said	say	False	False	2259	25641	COMMUNICATION
3	nodded	nod	False	False	2261	25661	WINK
8	hurried	hurry	False	False	2264	25686	MOTION
8	felt	feel	False	False	2264	25697	PERCEPTION
2	added	add	False	False	2265	25725	MIX
2	frowned	frown	False	False	2266	25730	NONVERBAL_EXPRESSION
3	said	say	False	False	2268	25745	COMMUNICATION
3	beg	beg	False	False	2268	25751	ACTIVITY_START
2	said	say	False	False	2269	25757	COMMUNICATION
2	mean	mean	False	False	2269	25761	CONJECTURE
3	said	say	False	False	2273	25804	COMMUNICATION
10	believe	believe	False	False	2273	25809	COGNITION
2	smiled	smile	False	False	2274	25816	NONVERBAL_EXPRESSION
2	believe	believe	False	False	2275	25824	COGNITION
0	murdered	murder	False	False	2276	25828	KILLING
0	murdered	murder	False	False	2276	25834	KILLING
0	stuck	stuck	False	False	2276	25842	BEING_ATTACHED
0	was	be	False	False	2277	25850	STATE
0	bring	bring	True	False	2278	25874	TRANSFER
2	saying	say	False	False	2283	25917	COMMUNICATION
3	drew	draw	False	False	2284	25931	FORCE
2	said	say	False	False	2287	25959	COMMUNICATION
0	think	think	False	False	2287	25965	COGNITION
3	said Let	say let	False	False	2288	25969	COMMUNICATION
8	killed	kill	False	False	2290	25992	KILLING
8	was	be	False	False	2290	25996	STATE
2	said	say	False	False	2292	26023	COMMUNICATION
0	say	say	False	False	2293	26035	COMMUNICATION
2	said	say	False	False	2294	26041	COMMUNICATION
0	tell	tell	False	False	2296	26077	COMMUNICATION
7	got	get	False	False	2296	26094	OBTAINING
7	get	get	False	False	2297	26128	OBTAINING
2	heard	hear	False	False	2298	26139	PERCEPTION
3	said	say	False	False	2300	26169	COMMUNICATION
7	meant do	mean do	False	False	2305	26231	CONJECTURE
7	came	come	False	False	2305	26244	MOTION
7	came	come	False	False	2305	26239	MOTION
3	prompted	prompt	False	False	2306	26254	FORCE
2	grinned	grin	False	False	2308	26264	NONVERBAL_EXPRESSION
2	say	say	False	False	2309	26270	COMMUNICATION
7	murdered	murder	False	True	2311	26287	KILLING
3	drew	draw	False	False	2313	26299	FORCE
2	said	say	False	False	2315	26311	COMMUNICATION
2	believe	believe	False	False	2315	26317	COGNITION
2	believe	believe	False	False	2316	26336	COGNITION
2	believe	believe	False	False	2317	26355	COGNITION
8	put	put	False	False	2317	26358	PLACEMENT
3	said	say	False	False	2319	26397	COMMUNICATION
3	give	give	False	False	2319	26403	TRANSFER
3	repeated	repeat	False	False	2320	26414	COMMUNICATION
8	given	give	False	False	2320	26420	TRANSFER
2	said	say	False	False	2321	26433	COMMUNICATION
0	say	say	False	False	2323	26460	COMMUNICATION
3	recited	recite	False	False	2324	26465	PERFORMANCE
2	grinned	grin	False	False	2327	26517	NONVERBAL_EXPRESSION
2	flung	fling	False	False	2327	26519	THROW
7	dies	die	False	False	2329	26536	DEATH
7	choking	choke	False	False	2329	26540	FILL
7	oversleeps	oversleep	False	False	2329	26549	
3	said	say	False	False	2330	26561	COMMUNICATION
2	took	take	False	False	2331	26565	OBTAINING
3	breathed	breathe	False	False	2337	26603	BREATHE
10	agree	agree	False	False	2338	26611	SOCIAL
0	see	see	False	False	2339	26615	PERCEPTION
8	swore	swear	False	False	2340	26621	CONJECTURE
8	is	be	False	False	2341	26641	STATE
8	lying	lie	False	False	2342	26648	BODY_POSITION
3	shook	shake	False	False	2343	26652	AMUSE
3	think	think	True	False	2344	26660	COGNITION
8	lying	lie	False	False	2344	26663	BODY_POSITION
8	's	be	False	False	2346	26671	STATE
2	nodded	nod	False	False	2347	26682	WINK
2	said	say	False	False	2348	26685	COMMUNICATION
37	finished	finish	False	False	2351	26718	ASPECT
3	gone	go	False	False	2352	26725	MOTION
3	said	say	False	False	2353	26729	COMMUNICATION
10	realize	realize	False	False	2353	26733	COGNITION
37	be	be	False	False	2353	26738	STATE
2	said	say	False	False	2354	26746	COMMUNICATION
37	realize	realize	True	False	2354	26767	COGNITION
3	said	say	False	False	2359	26809	COMMUNICATION
37	be	be	False	False	2359	26815	STATE
2	laughed	laugh	False	False	2360	26821	NONVERBAL_EXPRESSION
2	be	be	False	False	2363	26837	STATE
2	get	get	False	False	2363	26841	OBTAINING
2	paused	pause	False	False	2364	26848	LINGER
2	said	say	False	False	2364	26850	COMMUNICATION
4	be	be	False	False	2365	26865	STATE
2	think	think	False	False	2367	26891	COGNITION
4	roped	rope	False	True	2370	26919	TAPE
4	expressed	express	False	False	2371	26923	REFLEXIVE_APPEARANCE
0	said	say	False	False	2372	26934	COMMUNICATION
10	think	think	True	False	2375	26963	COGNITION
7	gets	get	False	False	2378	27006	OBTAINING
8	gets	get	False	False	2379	27018	OBTAINING
3	shook	shake	False	False	2381	27038	AMUSE
4	agreed	agree	False	False	2383	27051	SOCIAL
4	forgotten	forget	False	False	2384	27058	ABANDONMENT
2	said	say	False	False	2387	27085	COMMUNICATION
7	had	have	False	False	2388	27096	POSSESSION
7	had	have	False	False	2389	27106	POSSESSION
7	finished	finish	False	False	2389	27114	ASPECT
4	said	say	False	False	2394	27180	COMMUNICATION
2	said	say	False	False	2395	27194	COMMUNICATION
3	said	say	False	False	2396	27208	COMMUNICATION
4	shrugged	shrug	False	False	2401	27253	WINK
2	said	say	False	False	2406	27300	COMMUNICATION
0	got	get	False	False	2406	27305	OBTAINING
0	patted	pat	False	False	2407	27310	CONTACT
4	said	say	False	False	2409	27322	COMMUNICATION
2	said	say	False	False	2410	27342	COMMUNICATION
0	been	be	False	False	2411	27349	STATE
0	know	know	False	False	2411	27356	COGNITION
4	said	say	False	False	2412	27363	COMMUNICATION
4	added	add	False	False	2412	27366	MIX
0	been	be	True	False	2412	27375	STATE
0	are	be	False	False	2412	27382	STATE
3	coughed	cough	False	False	2414	27418	BREATHE
10	be	be	False	False	2415	27423	STATE
4	said	say	False	False	2418	27444	COMMUNICATION
4	feel	feel	True	False	2418	27450	PERCEPTION
6	sat looking	sit look	False	False	2426	27583	BODY_POSITION
6	sat	sit	False	False	2428	27608	BODY_POSITION
6	paid	pay	False	False	2429	27620	PAY
4	thought	think	False	False	2431	27642	COGNITION
6	gone	go	False	False	2431	27656	MOTION
4	cleared	clear	False	False	2432	27665	CLEAR
4	said	say	False	False	2432	27669	COMMUNICATION
0	found	find	False	False	2432	27684	OBTAINING
6	frowned	frown	False	False	2433	27693	NONVERBAL_EXPRESSION
6	cast	cast	False	False	2434	27696	CREATION
6	said	say	False	False	2435	27705	COMMUNICATION
6	insist	insist	False	False	2436	27721	COMMUNICATION
4	said	say	False	False	2437	27730	COMMUNICATION
0	know	know	False	False	2439	27758	COGNITION
6	frowned	frown	False	False	2440	27772	NONVERBAL_EXPRESSION
6	said	say	False	False	2440	27774	COMMUNICATION
10	understand	understand	True	False	2440	27780	COGNITION
0	understand	understand	True	False	2440	27785	COGNITION
4	retreated	retreat	False	False	2442	27795	WITHDRAW
4	said	say	False	False	2443	27798	COMMUNICATION
6	's	be	False	False	2443	27809	STATE
4	joined	join	False	False	2443	27802	SOCIAL
6	say	say	False	False	2445	27832	COMMUNICATION
4	shrugged	shrug	False	False	2446	27836	WINK
6	want disturbed	want disturb	True	False	2447	27852	DESIRE
3	frowned	frown	False	False	2448	27860	NONVERBAL_EXPRESSION
3	murmured	murmur	False	False	2449	27863	COMMUNICATION
3	wonder	wonder	False	False	2449	27867	COGNITION
2	said	say	False	False	2455	27911	COMMUNICATION
4	said	say	False	False	2459	27945	COMMUNICATION
2	said frowning	say frown	False	False	2460	27957	COMMUNICATION
2	know	know	False	False	2461	27989	COGNITION
4	said	say	False	False	2466	28034	COMMUNICATION
2	said	say	False	False	2467	28046	COMMUNICATION
37	murdered	murder	False	False	2468	28077	KILLING
0	think	think	False	False	2468	28084	COGNITION
3	said	say	False	False	2469	28093	COMMUNICATION
3	believe	believe	True	False	2469	28103	COGNITION
2	said	say	False	False	2471	28124	COMMUNICATION
10	said	say	False	False	2472	28137	COMMUNICATION
4	gazing	gaze	False	False	2473	28145	PEER
4	said	say	False	False	2474	28152	COMMUNICATION
4	suppose	suppose	False	False	2474	28163	COGNITION
3	shook	shake	False	False	2475	28167	AMUSE
3	doubt	doubt	False	False	2476	28173	CONJECTURE
4	said	say	False	False	2479	28189	COMMUNICATION
2	said	say	False	False	2481	28217	COMMUNICATION
2	said	say	False	False	2483	28246	COMMUNICATION
0	fellows	fellow	False	False	2485	28281	CO-ASSOCIATION
0	let	let	False	False	2485	28291	ABOUNDING_WITH
4	said	say	False	False	2486	28300	COMMUNICATION
4	see	see	False	False	2488	28322	PERCEPTION
4	get	get	False	False	2488	28326	OBTAINING
4	started	start	False	False	2489	28333	ASPECT
2	stared	star	False	False	2490	28342	CAPTAIN
2	shot	shoot	False	False	2493	28363	OBTAINING
2	said	say	False	False	2494	28371	COMMUNICATION
10	're	be	False	False	2494	28375	STATE
0	thinking	think	False	False	2495	28384	COGNITION
3	said	say	False	False	2496	28388	COMMUNICATION
3	wondering	wonder	False	False	2496	28394	COGNITION
1	been	be	False	False	2498	28410	STATE
1	avoided	avoid	False	False	2499	28418	AVOID
5	taken	take	False	False	2500	28432	OBTAINING
5	sat	sit	False	False	2501	28452	BODY_POSITION
1	thought	think	False	False	2502	28459	COGNITION
1	seemed see	seem see	False	False	2502	28463	GIVE_IMPRESSION
5	sat	sit	False	False	2504	28510	BODY_POSITION
0	sat	sat	False	False	2505	28521	ACTIVE_SUBSTANCE
1	looked	look	False	False	2507	28541	PERCEPTION
1	saw	see	False	False	2507	28546	PERCEPTION
1	saw	see	False	False	2509	28577	PERCEPTION
1	strolled	stroll	False	False	2510	28601	MOTION
1	walked	walk	False	False	2511	28609	MOTION
6	sat staring	sit star	False	False	2511	28622	BODY_POSITION
6	stirred	stir	False	False	2512	28631	AMUSE
6	stared	star	False	False	2515	28658	CAPTAIN
1	thought	think	False	False	2516	28669	COGNITION
6	knew	know	False	False	2517	28683	COGNITION
6	said	say	False	False	2518	28688	COMMUNICATION
10	come	come	False	False	2520	28699	MOTION
1	sat	sit	False	False	2522	28704	BODY_POSITION
1	said	say	False	False	2523	28710	COMMUNICATION
0	like sitting	like sit	False	False	2523	28715	EMOTION
6	nodded	nod	False	False	2524	28725	WINK
6	said	say	False	False	2525	28735	COMMUNICATION
6	think wait	think wait	False	False	2527	28749	COGNITION
1	said	say	False	False	2528	28760	COMMUNICATION
0	waiting	wait	False	False	2529	28768	EXIST
6	said	say	False	False	2530	28773	COMMUNICATION
6	think	think	False	False	2531	28782	COGNITION
0	know	know	False	False	2531	28784	COGNITION
0	do	do	True	False	2531	28787	ABANDONMENT
1	said	say	False	False	2534	28809	COMMUNICATION
0	mean	mean	False	False	2534	28816	CONJECTURE
6	said	say	False	False	2535	28821	COMMUNICATION
10	know	know	False	False	2537	28841	COGNITION
0	understand	understand	True	False	2538	28856	COGNITION
1	said	say	False	False	2539	28863	COMMUNICATION
6	said	say	False	False	2540	28872	COMMUNICATION
0	're	be	False	False	2541	28881	STATE
0	got	get	True	False	2542	28888	OBTAINING
10	feel	feel	False	False	2545	28926	PERCEPTION
1	said	say	False	False	2546	28935	COMMUNICATION
1	understand	understand	True	False	2546	28942	COGNITION
1	felt	feel	False	False	2548	28952	PERCEPTION
6	said	say	False	False	2549	28962	COMMUNICATION
6	loved	love	False	False	2549	28970	EMOTION
10	see	see	False	False	2549	28967	PERCEPTION
6	loved	love	False	False	2550	28974	EMOTION
1	said	say	False	False	2551	28982	COMMUNICATION
6	loved	love	False	False	2553	28999	EMOTION
6	was	be	False	False	2553	29004	STATE
20	was	be	False	False	2554	29011	STATE
6	loved	love	False	False	2555	29037	EMOTION
6	was	be	False	False	2555	29021	STATE
6	said	say	False	False	2555	29031	COMMUNICATION
6	did	do	False	False	2556	29044	ABANDONMENT
1	said	say	False	False	2557	29049	COMMUNICATION
1	paused	pause	False	False	2557	29058	LINGER
10	mean	mean	False	False	2557	29053	CONJECTURE
6	nodded	nod	False	False	2558	29062	WINK
6	sent	send	False	False	2560	29087	TRANSFER
6	suppose	suppose	False	False	2561	29094	COGNITION
6	been	be	False	False	2563	29112	STATE
6	had	have	False	False	2565	29132	POSSESSION
19	damned	damn	False	False	2566	29139	JUDGEMENT
6	thought	think	False	False	2566	29148	COGNITION
1	said	say	False	False	2568	29162	COMMUNICATION
6	shook	shake	False	False	2569	29171	AMUSE
6	looked	look	False	False	2570	29177	PERCEPTION
6	know	know	True	False	2571	29188	COGNITION
6	know	know	False	False	2572	29193	COGNITION
0	see	see	False	False	2573	29201	PERCEPTION
6	know	know	True	False	2574	29206	COGNITION
20	guessed	guess	False	False	2574	29210	CONJECTURE
6	think	think	True	False	2575	29215	COGNITION
0	see	see	False	False	2576	29220	PERCEPTION
6	know	know	True	False	2576	29225	COGNITION
20	gone	go	False	False	2577	29233	MOTION
6	reach	reach	True	False	2577	29240	OBTAINING
20	died	die	False	False	2578	29246	DEATH
20	was	be	False	False	2578	29250	STATE
1	said	say	False	False	2579	29256	COMMUNICATION
6	said	say	False	False	2580	29281	COMMUNICATION
10	be	be	False	False	2580	29286	STATE
1	got	get	False	False	2581	29298	OBTAINING
1	said	say	False	False	2582	29302	COMMUNICATION
1	know	know	True	False	2582	29309	COGNITION
0	mean	mean	False	False	2582	29312	CONJECTURE
6	said	say	False	False	2583	29316	COMMUNICATION
6	know	know	False	False	2583	29320	COGNITION
6	know	know	False	False	2583	29326	COGNITION
10	do	do	True	False	2584	29332	ABANDONMENT
10	understand	understand	True	False	2585	29338	COGNITION
6	looked	look	False	False	2586	29346	PERCEPTION
6	seemed	seem	False	False	2587	29353	GIVE_IMPRESSION
6	said	say	False	False	2588	29362	COMMUNICATION
4	returned	return	False	False	2590	29379	CONTRIBUTE
4	found	find	False	False	2590	29392	OBTAINING
4	left staring	leave star	False	False	2590	29397	MOTION
4	said	say	False	False	2591	29406	COMMUNICATION
2	's	be	False	False	2591	29411	STATE
3	said Gone	say go	False	False	2592	29417	COMMUNICATION
2	be	be	False	False	2593	29431	STATE
3	'm	be	False	False	2594	29443	STATE
3	say	say	False	False	2595	29450	COMMUNICATION
3	waved	wave	False	False	2596	29459	BRAID
4	mean	mean	True	False	2598	29474	CONJECTURE
4	thinking	think	False	False	2599	29481	COGNITION
3	said	say	False	False	2601	29497	COMMUNICATION
4	said	say	False	False	2603	29516	COMMUNICATION
10	mean	mean	False	False	2603	29521	CONJECTURE
6	's	be	False	False	2603	29523	STATE
3	said	say	False	False	2604	29528	COMMUNICATION
3	said	say	True	False	2604	29536	COMMUNICATION
3	'm	be	True	False	2606	29548	STATE
3	had	have	True	False	2607	29560	POSSESSION
3	studied	study	True	False	2607	29569	ASSESSMENT
4	said	say	False	False	2608	29579	COMMUNICATION
4	said	say	True	False	2609	29593	COMMUNICATION
3	cut	cut	False	False	2610	29599	AMUSE
10	're	be	False	False	2611	29616	STATE
2	comes	come	False	False	2613	29637	MOTION
2	said	say	False	False	2615	29648	COMMUNICATION
2	help	help	False	False	2615	29653	SOCIAL
2	can	can	False	False	2615	29657	POCKET
2	does	do	True	False	2616	29695	ABANDONMENT
4	said	say	False	False	2616	29687	COMMUNICATION
3	said	say	False	False	2618	29710	COMMUNICATION
3	think	think	False	False	2618	29715	COGNITION
2	done	do	False	False	2618	29719	ABANDONMENT
4	said	say	False	False	2620	29740	COMMUNICATION
4	think	think	False	False	2621	29753	COGNITION
2	's	be	False	False	2622	29762	STATE
3	said	say	False	False	2623	29770	COMMUNICATION
4	grunted	grunt	False	False	2624	29780	ANIMAL_SOUNDS
4	said	say	False	False	2625	29784	COMMUNICATION
4	know	know	True	False	2625	29790	COGNITION
4	trust	trust	True	False	2626	29798	SOCIAL
3	said	say	False	False	2627	29806	COMMUNICATION
3	suppose	suppose	False	False	2627	29810	COGNITION
2	led	lead	False	True	2627	29813	ACCOMPANY
4	said	say	False	False	2628	29820	COMMUNICATION
4	bet	bet	False	False	2628	29824	BILL
4	paused	pause	False	False	2629	29839	LINGER
4	went	go	False	False	2629	29842	MOTION
0	happen bring	happen bring	False	False	2629	29848	OCCURRENCE
3	stared	star	False	False	2630	29861	CAPTAIN
3	should	should	False	False	2633	29872	BODY_PARTS
4	said	say	False	False	2634	29877	COMMUNICATION
2	did	do	False	False	2634	29881	ABANDONMENT
3	said	say	False	False	2635	29887	COMMUNICATION
3	suppose	suppose	False	False	2635	29892	COGNITION
4	snorted	snort	False	False	2636	29898	NONVERBAL_EXPRESSION
4	said	say	False	False	2639	29925	COMMUNICATION
2	takes	take	False	False	2640	29936	OBTAINING
2	bring	bring	False	False	2641	29975	TRANSFER
3	shook	shake	False	False	2643	30000	AMUSE
2	came	come	False	False	2646	30031	MOTION
2	wiped	wipe	False	False	2647	30041	FUNNEL
2	said	say	False	False	2648	30053	COMMUNICATION
8	carrying	carry	False	False	2658	30156	CARRY
2	said	say	False	False	2659	30168	COMMUNICATION
3	said	say	False	False	2661	30188	COMMUNICATION
8	is	be	False	False	2661	30193	STATE
3	say	say	False	False	2661	30202	COMMUNICATION
4	said	say	False	False	2662	30209	COMMUNICATION
9	was	be	False	False	2662	30214	STATE
4	said	say	False	False	2667	30261	COMMUNICATION
3	said	say	False	False	2668	30274	COMMUNICATION
4	said	say	False	False	2669	30288	COMMUNICATION
3	grasped	grasp	False	False	2674	30350	POSSESSION
2	held	hold	False	False	2675	30356	POSSESSION
8	moving	move	False	False	2677	30374	MOTION
3	whispered	whisper	False	False	2678	30382	COMMUNICATION
8	's	be	False	False	2678	30386	STATE
4	whispered	whisper	False	False	2680	30404	COMMUNICATION
8	chosen	choose	False	False	2681	30418	OBTAINING
8	was	be	False	False	2686	30458	STATE
4	whispered	whisper	False	False	2688	30472	COMMUNICATION
4	flung	fling	False	False	2689	30479	THROW
4	rushed	rush	False	False	2689	30484	FORCE
8	was	be	False	False	2691	30501	STATE
4	recovered	recover	False	False	2693	30517	OBTAIN
8	said	say	False	False	2697	30551	COMMUNICATION
3	replied	reply	False	False	2701	30604	COMMUNICATION
3	avoided looking	avoid look	False	False	2704	30620	AVOID
8	said	say	False	False	2705	30632	COMMUNICATION
3	moved	move	False	False	2707	30664	MOTION
3	looked	look	False	False	2707	30675	PERCEPTION
3	said	say	False	False	2710	30697	COMMUNICATION
3	got	get	False	False	2710	30703	OBTAINING
3	like know	like know	False	False	2711	30710	EMOTION
3	turned	turn	False	False	2712	30721	MOTION
3	feel	feel	False	False	2714	30734	PERCEPTION
4	wrestling	wrestle	False	False	2715	30750	BATTLE
2	said	say	False	False	2719	30791	COMMUNICATION
2	suppose	suppose	False	False	2719	30795	COGNITION
4	disappeared	disappear	False	False	2720	30813	DISAPPEARANCE
2	pulled	pull	False	False	2721	30820	CONTACT
2	followed	follow	False	False	2721	30827	MOTION
2	said	say	False	False	2726	30874	COMMUNICATION
3	said	say	False	False	2728	30907	COMMUNICATION
0	know	know	False	False	2728	30915	COGNITION
3	'm	be	False	False	2729	30926	STATE
3	know	know	False	False	2729	30931	COGNITION
2	said	say	False	False	2731	30946	COMMUNICATION
2	suppose	suppose	False	False	2731	30955	COGNITION
4	snorted	snort	False	False	2732	30964	NONVERBAL_EXPRESSION
4	grunted	grunt	False	False	2733	30977	ANIMAL_SOUNDS
4	said	say	False	False	2734	30986	COMMUNICATION
4	stopped	stop	False	False	2734	30997	ASPECT
2	said	say	False	False	2738	31026	COMMUNICATION
4	looked	look	False	False	2740	31038	PERCEPTION
4	said blurting	say blurt	False	False	2742	31055	COMMUNICATION
0	give	give	False	False	2742	31071	TRANSFER
0	know	know	False	False	2742	31077	COGNITION
3	stared	star	False	False	2743	31081	CAPTAIN
0	mean	mean	False	False	2745	31091	CONJECTURE
10	said	say	False	False	2747	31099	COMMUNICATION
0	give	give	False	False	2747	31103	TRANSFER
4	gave	give	False	False	2751	31133	TRANSFER
4	grew	grow	False	False	2753	31148	APPEAR
4	said	say	False	False	2754	31153	COMMUNICATION
0	give	give	True	False	2754	31167	TRANSFER
0	did	do	False	False	2754	31172	ABANDONMENT
3	said	say	False	False	2755	31178	COMMUNICATION
3	know	know	True	False	2755	31185	COGNITION
0	mean	mean	False	False	2755	31188	CONJECTURE
4	said	say	False	False	2756	31192	COMMUNICATION
0	made	make	False	False	2756	31207	CREATION
3	said	say	False	False	2758	31221	COMMUNICATION
3	did	do	False	False	2758	31226	ABANDONMENT
3	stopped	stop	False	False	2760	31239	ASPECT
3	added	add	False	False	2760	31241	MIX
0	suggest	suggest	False	False	2760	31252	REFLEXIVE_APPEARANCE
3	gave	give	False	False	2760	31255	TRANSFER
2	said	say	False	False	2761	31265	COMMUNICATION
4	said	say	False	False	2763	31292	COMMUNICATION
4	suggested	suggest	False	False	2763	31298	REFLEXIVE_APPEARANCE
3	made	make	False	False	2763	31302	CREATION
3	smiled	smile	False	False	2764	31309	NONVERBAL_EXPRESSION
3	said	say	False	False	2765	31315	COMMUNICATION
4	said	say	False	False	2766	31343	COMMUNICATION
0	made	make	False	False	2766	31355	CREATION
3	went	go	False	False	2767	31368	MOTION
2	said	say	False	False	2768	31373	COMMUNICATION
4	took	take	False	False	2772	31417	OBTAINING
4	said	say	False	False	2773	31427	COMMUNICATION
10	try	try	False	False	2775	31446	ATTEMPT
10	shut	shut	False	False	2775	31448	OTHER_COS
10	's	be	False	False	2775	31457	STATE
10	is	be	False	False	2775	31468	STATE
4	want know	want know	False	False	2775	31460	DESIRE
4	want know	want know	False	False	2779	31487	DESIRE
0	brought	bring	False	False	2779	31492	TRANSFER
2	said	say	False	False	2780	31505	COMMUNICATION
10	do	do	False	False	2780	31509	ABANDONMENT
4	do	do	False	False	2781	31519	ABANDONMENT
2	said	say	False	False	2782	31526	COMMUNICATION
10	know	know	False	False	2782	31531	COGNITION
0	're	be	True	False	2782	31536	STATE
0	look	look	False	False	2782	31544	PERCEPTION
2	smiled	smile	False	False	2785	31561	NONVERBAL_EXPRESSION
2	brought	bring	False	False	2786	31565	TRANSFER
2	expected run	expect run	False	False	2786	31569	DESIRE
4	said	say	False	False	2787	31580	COMMUNICATION
10	tell	tell	True	False	2787	31587	COMMUNICATION
2	shook	shake	False	False	2788	31595	AMUSE
10	holding	hold	False	False	2789	31602	POSSESSION
4	persisted	persist	False	False	2790	31609	EXIST
2	said	say	False	False	2791	31619	COMMUNICATION
2	said	say	False	False	2793	31634	COMMUNICATION
2	allowed	allow	False	False	2793	31639	ADMIT
2	asked	ask	False	True	2793	31647	COMMUNICATION
2	approached	approach	False	True	2794	31672	ESCAPE
10	offered	offer	False	False	2795	31684	FUTURE_HAVING
10	said	say	False	False	2795	31699	COMMUNICATION
2	got	get	False	False	2795	31702	OBTAINING
4	prompted	prompt	False	False	2797	31721	FORCE
2	said	say	False	False	2798	31725	COMMUNICATION
3	said	say	False	False	2799	31738	COMMUNICATION
10	told	tell	False	False	2799	31744	COMMUNICATION
10	did	do	True	False	2800	31757	ABANDONMENT
2	take	take	False	False	2802	31769	OBTAINING
2	leave	leave	False	False	2802	31772	MOTION
2	was	be	False	False	2803	31781	STATE
2	took	take	False	False	2804	31786	OBTAINING
4	looked	look	False	False	2805	31791	PERCEPTION
4	said	say	False	False	2806	31795	COMMUNICATION
0	tell	tell	True	False	2806	31802	COMMUNICATION
2	shrugged	shrug	False	False	2808	31819	WINK
2	was	be	False	False	2809	31825	STATE
2	was	be	False	False	2809	31838	STATE
2	lay	lie	False	False	2810	31845	BODY_POSITION
2	told	tell	False	False	2810	31848	COMMUNICATION
3	said	say	False	False	2811	31856	COMMUNICATION
0	think	think	False	False	2811	31864	COGNITION
2	said	say	False	False	2814	31879	COMMUNICATION
2	believe	believe	False	False	2814	31885	COGNITION
2	'm	be	False	False	2814	31889	STATE
2	said	say	False	False	2816	31927	COMMUNICATION
2	take	take	False	False	2816	31939	OBTAINING
8	standing	stand	False	False	2823	32004	BODY_POSITION
8	moved	move	False	False	2824	32020	MOTION
8	said	say	False	False	2825	32028	COMMUNICATION
8	hope	hope	False	False	2825	32037	DESIRE
8	boiled	boil	False	False	2826	32054	COOKING
2	said	say	False	False	2828	32071	COMMUNICATION
2	say	say	False	False	2832	32114	COMMUNICATION
2	nodded	nod	False	False	2833	32137	WINK
8	murmured	murmur	False	False	2834	32140	COMMUNICATION
8	followed	follow	False	False	2834	32143	MOTION
2	said	say	False	False	2836	32181	COMMUNICATION
5	came	come	False	False	2837	32195	MOTION
5	dropped	drop	False	False	2838	32203	CALIBRATABLE_COS
5	rewinding	rewinde	False	False	2838	32211	
5	took	take	False	False	2839	32219	OBTAINING
5	remarked	remark	False	False	2839	32225	LECTURE
0	came	come	False	False	2841	32251	MOTION
0	walked	walk	False	False	2842	32255	MOTION
0	darted	dart	False	False	2843	32263	MOTION
0	said	say	False	False	2844	32282	COMMUNICATION
1	hurried	hurry	False	False	2846	32305	MOTION
1	was	be	False	False	2847	32309	STATE
1	said	say	False	False	2848	32317	COMMUNICATION
1	hope	hope	False	False	2848	32322	DESIRE
1	Am	be	False	False	2849	32330	STATE
5	said	say	False	False	2850	32337	COMMUNICATION
10	're	be	True	False	2850	32341	STATE
6	is	be	True	False	2851	32348	STATE
8	addressed	address	False	False	2853	32361	ILLUSTRATE
0	begin	begin	False	False	2853	32368	ASPECT
0	wait	wait	False	False	2853	32375	EXIST
1	said	say	False	False	2854	32379	COMMUNICATION
6	sitting	sit	False	False	2854	32385	BODY_POSITION
1	expect	expect	True	False	2855	32395	DESIRE
6	hear	hear	False	False	2855	32398	PERCEPTION
1	hesitated	hesitate	False	False	2855	32407	LINGER
1	think	think	False	False	2857	32418	COGNITION
8	said	say	False	False	2858	32422	COMMUNICATION
8	go	go	False	False	2858	32428	MOTION
8	inform	inform	False	False	2858	32431	ADVISE
3	jumped	jump	False	False	2859	32440	CALIBRATABLE_COS
3	said	say	False	False	2860	32450	COMMUNICATION
0	go	go	False	False	2860	32446	MOTION
0	left	leave	False	False	2862	32460	MOTION
0	heard	hear	False	False	2863	32467	PERCEPTION
0	take	take	False	False	2864	32475	OBTAINING
1	shivered	shiver	False	False	2868	32514	BODY_INTERNAL_STATES
1	said	say	False	False	2868	32518	COMMUNICATION
4	made	make	False	False	2869	32529	CREATION
4	said	say	False	False	2870	32537	COMMUNICATION
8	went	go	False	False	2873	32573	MOTION
8	stopped	stop	False	False	2874	32593	ASPECT
8	said	say	False	False	2875	32596	COMMUNICATION
3	appeared	appear	False	False	2880	32657	APPEAR
3	said	say	False	False	2881	32665	COMMUNICATION
3	said	say	False	False	2884	32686	COMMUNICATION
6	's	be	False	False	2884	32692	STATE
1	turned	turn	False	False	2891	32776	MOTION
1	went	go	False	False	2891	32779	MOTION
1	went	go	False	False	2893	32806	MOTION
1	was	be	False	False	2894	32813	STATE
8	came	come	False	False	2894	32822	MOTION
8	started	start	False	False	2895	32829	ASPECT
8	saw	see	False	False	2895	32832	PERCEPTION
8	said	say	False	False	2897	32843	COMMUNICATION
1	came	come	False	False	2897	32854	MOTION
1	said	say	False	False	2898	32869	COMMUNICATION
10	're	be	False	False	2898	32873	STATE
6	laid	lay	False	True	2902	32898	PLACEMENT
3	left	leave	False	False	2903	32909	MOTION
3	came	come	False	False	2903	32913	MOTION
3	found	find	False	False	2904	32917	OBTAINING
4	sitting	sit	False	False	2906	32948	BODY_POSITION
2	walking	walk	False	False	2907	32962	MOTION
0	sitting	sit	False	False	2908	32979	BODY_POSITION
3	came	come	False	False	2910	32996	MOTION
0	said	say	False	False	2911	33002	COMMUNICATION
3	was	be	False	False	2912	33016	STATE
3	said	say	False	False	2913	33021	COMMUNICATION
6	hit	hit	False	True	2914	33036	CONTACT
0	find	find	False	False	2916	33074	OBTAINING
0	are	be	False	False	2918	33088	STATE
3	am	be	False	False	2919	33097	STATE
0	said	say	False	False	2920	33105	COMMUNICATION
0	sat	sat	False	False	2922	33135	ACTIVE_SUBSTANCE
0	assumed	assume	False	False	2923	33151	ADOPT
0	presided	preside	False	False	2924	33166	APPELLATIONS
0	spoke	speak	False	False	2925	33178	COMMUNICATION
0	sitting	sit	False	False	2926	33189	BODY_POSITION
0	was	be	False	False	2927	33195	STATE
10	searching	search	False	False	2929	33213	SEARCH
2	said	say	False	False	2930	33229	COMMUNICATION
0	went	go	False	False	2931	33235	MOTION
10	come	come	False	False	2932	33241	MOTION
0	had	have	False	False	2932	33251	POSSESSION
0	reached	reach	False	False	2933	33275	OBTAINING
4	said	say	False	False	2934	33295	COMMUNICATION
37	's	be	False	False	2934	33300	STATE
0	coughed	cough	False	False	2936	33310	BREATHE
3	said	say	False	False	2940	33337	COMMUNICATION
3	tell	tell	False	False	2940	33353	COMMUNICATION
0	stroked	stroke	False	False	2942	33362	CONTACT
0	said	say	False	False	2943	33367	COMMUNICATION
0	mean	mean	False	False	2943	33375	CONJECTURE
0	came	come	False	False	2944	33380	MOTION
0	told	tell	False	False	2945	33391	COMMUNICATION
0	am	be	False	False	2946	33402	STATE
37	is	be	False	False	2946	33423	STATE
37	adopted	adopt	False	False	2946	33421	ADOPT
37	come	come	False	False	2949	33477	MOTION
37	is	be	False	False	2951	33492	STATE
0	turned	turn	False	False	2955	33528	MOTION
0	said	say	False	False	2956	33536	COMMUNICATION
2	is	be	False	False	2963	33620	STATE
0	express	express	False	False	2963	33626	REFLEXIVE_APPEARANCE
0	paused	pause	False	False	2964	33637	LINGER
0	looked	look	False	False	2964	33640	PERCEPTION
0	take	take	False	False	2965	33646	OBTAINING
3	said	say	False	False	2966	33655	COMMUNICATION
3	suppose	suppose	False	False	2966	33664	COGNITION
0	're	be	False	False	2966	33666	STATE
4	said	say	False	False	2967	33671	COMMUNICATION
0	ask	ask	False	False	2968	33683	COMMUNICATION
4	've	have	False	False	2968	33687	POSSESSION
0	said	say	False	False	2970	33710	COMMUNICATION
0	wish establish	wish establish	False	False	2971	33726	DESIRE
1	murmured	murmur	False	False	2974	33768	COMMUNICATION
1	believe	believe	True	False	2974	33774	COGNITION
1	ca	can	True	False	2975	33778	POCKET
0	said	say	False	False	2976	33784	COMMUNICATION
0	agree	agree	False	False	2977	33792	SOCIAL
0	nodded	nod	False	False	2978	33801	WINK
0	said let	say let	False	False	2979	33810	COMMUNICATION
0	have	have	False	False	2981	33838	POSSESSION
0	think	think	False	False	2981	33841	COGNITION
4	breathing	breathe	False	False	2982	33850	BREATHE
4	said	say	False	False	2983	33854	COMMUNICATION
2	got	get	False	False	2983	33859	OBTAINING
2	tell	tell	True	False	2984	33866	COMMUNICATION
2	admits	admit	False	False	2985	33874	ADMIT
2	smiled	smile	False	False	2986	33880	NONVERBAL_EXPRESSION
2	said	say	False	False	2987	33884	COMMUNICATION
2	suppose	suppose	False	False	2987	33888	COGNITION
2	explain	explain	False	False	2987	33892	COMMUNICATION
2	did	do	False	False	2988	33897	ABANDONMENT
4	said	say	False	False	2989	33908	COMMUNICATION
0	coughed	cough	False	False	2991	33929	BREATHE
0	said	say	False	False	2992	33936	COMMUNICATION
0	leaned	lean	False	False	2994	33958	ASSUMING_POSITION
3	said	say	False	False	2998	34013	COMMUNICATION
3	am	be	False	False	2998	34018	STATE
3	suspected	suspect	False	True	2999	34033	COGNITION
0	said	say	False	False	3001	34059	COMMUNICATION
0	am	be	False	False	3001	34071	STATE
0	added	add	False	False	3005	34106	MIX
2	said	say	False	False	3006	34118	COMMUNICATION
2	suppose	suppose	False	False	3006	34126	COGNITION
0	leave	leave	False	False	3006	34129	MOTION
0	said	say	False	False	3008	34144	COMMUNICATION
2	knew	know	False	False	3008	34154	COGNITION
0	understand	understand	False	False	3008	34161	COGNITION
0	assert	assert	False	False	3008	34164	CONJECTURE
2	said	say	True	False	3009	34176	COMMUNICATION
2	stopped	stop	False	False	3011	34198	ASPECT
0	take	take	False	False	3013	34215	OBTAINING
3	said	say	False	False	3014	34241	COMMUNICATION
0	wriggled	wriggle	False	False	3017	34282	BODY_INTERNAL_MOTION
0	said	say	False	False	3018	34288	COMMUNICATION
1	cried	cry	False	False	3020	34324	BREATHE
1	think	think	False	False	3020	34329	COGNITION
0	're	be	False	False	3020	34331	STATE
1	thought	think	False	False	3023	34363	COGNITION
0	seeing	see	False	False	3023	34369	PERCEPTION
6	like	like	True	False	3024	34394	EMOTION
0	saying	say	False	False	3025	34405	COMMUNICATION
1	try	try	False	False	3025	34414	ATTEMPT
1	restrain	restrain	False	False	3025	34416	FORBID
0	accusing	accuse	True	False	3026	34423	SOCIAL
0	bowed	bow	False	False	3027	34428	ASSUMING_POSITION
0	hope	hope	False	False	3028	34435	DESIRE
0	offended	offend	True	True	3028	34444	AMUSE
5	knitting	knit	False	False	3029	34461	CREATION
5	look	look	True	False	3030	34466	PERCEPTION
5	said	say	False	False	3031	34474	COMMUNICATION
5	accused	accuse	False	True	3031	34483	SOCIAL
5	appreciate	appreciate	False	False	3032	34523	ADMIRE
5	said	say	False	False	3033	34555	COMMUNICATION
0	said	say	False	False	3034	34565	COMMUNICATION
2	said	say	False	False	3036	34589	COMMUNICATION
0	looked	look	False	False	3037	34599	PERCEPTION
2	said	say	False	False	3039	34611	COMMUNICATION
8	seems	seem	False	False	3039	34621	GIVE_IMPRESSION
0	said	say	False	False	3040	34631	COMMUNICATION
2	said	say	False	False	3041	34643	COMMUNICATION
8	got	get	True	False	3041	34649	OBTAINING
9	was	be	False	False	3042	34661	STATE
0	said	say	False	False	3044	34678	COMMUNICATION
4	come	come	False	False	3044	34691	MOTION
4	found	find	False	False	3044	34705	OBTAINING
0	accused	accuse	False	False	3044	34694	SOCIAL
0	agree	agree	False	False	3046	34713	SOCIAL
2	believe	believe	False	False	3049	34736	COGNITION
2	taken	take	False	False	3049	34759	OBTAINING
2	wanted link	want link	False	False	3049	34768	DESIRE
8	killing	kill	False	False	3049	34739	KILLING
8	was	be	False	False	3049	34744	STATE
9	breaking	break	False	False	3049	34748	APPEAR
9	giving	give	False	False	3049	34751	TRANSFER
2	see	see	True	False	3050	34788	PERCEPTION
0	said	say	False	False	3051	34816	COMMUNICATION
10	assuming	assume	False	False	3051	34821	ADOPT
8	conspired murder	conspire murder	False	False	3052	34836	CONSPIRE
8	appear	appear	False	False	3053	34855	APPEAR
9	realized	realize	False	False	3054	34880	COGNITION
6	was	be	False	False	3054	34883	STATE
2	said	say	False	False	3055	34889	COMMUNICATION
0	said	say	False	False	3058	34919	COMMUNICATION
4	leant	leant	False	False	3062	35020	
0	talking	talk	False	False	3063	35027	COMMUNICATION
4	said	say	False	False	3064	35033	COMMUNICATION
4	think	think	True	False	3067	35054	COGNITION
7	refilled	refill	False	False	3068	35082	
4	remember	remember	True	False	3070	35106	COGNITION
4	done	do	False	False	3070	35124	ABANDONMENT
8	was	be	False	False	3070	35109	STATE
4	paused	pause	False	False	3071	35129	LINGER
3	sprang	spring	False	False	3075	35171	CALENDRIC_UNIT
3	trembling	tremble	False	False	3076	35178	BODY_INTERNAL_STATES
3	protest	protest	False	False	3077	35182	CONSPIRE
3	swear	swear	False	False	3079	35193	CONJECTURE
3	gave	give	False	False	3079	35198	TRANSFER
3	stopped	stop	False	False	3082	35221	ASPECT
0	admit	admit	False	False	3085	35249	ADMIT
0	administered	administer	False	False	3086	35265	CONTRIBUTE
4	paused	pause	False	False	3090	35323	LINGER
4	think	think	True	False	3091	35327	COGNITION
1	said	say	False	False	3092	35332	COMMUNICATION
1	was	be	False	False	3092	35337	STATE
0	waited	wait	False	False	3094	35355	EXIST
0	said	say	False	False	3094	35361	COMMUNICATION
0	make	make	False	False	3094	35384	CREATION
9	lifted	lift	False	True	3095	35391	PUT_DIRECTION
9	went	go	False	True	3095	35404	MOTION
3	sent	send	False	False	3096	35409	TRANSFER
0	bending	bend	False	False	3103	35504	ASSUMING_POSITION
5	said	say	False	False	3104	35515	COMMUNICATION
0	said	say	False	False	3105	35529	COMMUNICATION
0	establishing	establish	False	False	3105	35535	INDICATE
8	entered	enter	False	False	3106	35540	MOTION
8	doctored	doctor	False	False	3106	35556	CAPTAIN
3	gave	give	False	False	3107	35585	TRANSFER
4	said	say	False	False	3108	35592	COMMUNICATION
0	murmured	murmur	False	False	3112	35638	COMMUNICATION
0	does	do	False	False	3112	35644	ABANDONMENT
4	stared	star	False	False	3114	35658	CAPTAIN
4	said	say	False	False	3115	35661	COMMUNICATION
4	get	get	True	False	3115	35667	OBTAINING
0	said	say	False	False	3116	35674	COMMUNICATION
9	lying	lie	False	False	3116	35685	BODY_POSITION
3	given	give	False	False	3117	35695	TRANSFER
9	is	be	False	False	3118	35703	STATE
3	says	say	False	False	3119	35746	COMMUNICATION
9	swallowed	swallow	True	False	3120	35765	GOBBLE
4	shifted	shift	False	False	3122	35781	CONVERT
4	frowned	frown	False	False	3122	35785	NONVERBAL_EXPRESSION
2	said	say	False	False	3123	35789	COMMUNICATION
2	believe	believe	True	False	3123	35795	COGNITION
0	said	say	False	False	3126	35829	COMMUNICATION
2	objected	object	False	False	3127	35846	COMPLAIN
8	been	be	False	False	3127	35854	STATE
3	stirred	stir	False	False	3128	35861	AMUSE
3	said	say	False	False	3129	35868	COMMUNICATION
8	went	go	False	False	3130	35872	MOTION
5	said	say	False	False	3132	35904	COMMUNICATION
9	been	be	False	False	3132	35915	STATE
0	administered	administer	False	False	3132	35928	CONTRIBUTE
0	prescribed	prescribe	False	False	3135	35948	
0	tell	tell	True	False	3135	35958	COMMUNICATION
2	said	say	False	False	3138	35995	COMMUNICATION
0	say	say	False	False	3138	36002	COMMUNICATION
3	think	think	False	False	3144	36059	COGNITION
3	outlined	outline	False	False	3144	36073	SUMMARIZING
3	agree	agree	False	False	3145	36077	SOCIAL
3	agree	agree	False	False	3147	36125	SOCIAL
3	think	think	False	False	3147	36157	COGNITION
4	said	say	False	False	3148	36174	COMMUNICATION
0	said	say	False	False	3150	36203	COMMUNICATION
0	paused	pause	False	False	3151	36234	LINGER
0	went	go	False	False	3151	36236	MOTION
0	ask	ask	False	False	3154	36258	COMMUNICATION
0	state	state	False	False	3155	36281	COMMUNICATION
0	have	have	False	False	3155	36286	POSSESSION
0	spent sitting	spend sit	False	False	3156	36292	CONSUME
0	sat	sit	False	False	3157	36313	BODY_POSITION
0	were	be	False	False	3157	36331	STATE
0	been	be	False	False	3157	36353	STATE
0	kill	kill	False	False	3157	36364	KILLING
0	return	return	False	False	3157	36369	CONTRIBUTE
0	imagine	imagine	False	False	3157	36335	CHARACTERIZE
0	was	be	False	False	3157	36344	STATE
0	walk	walk	False	False	3157	36358	MOTION
0	left	leave	True	False	3158	36385	MOTION
4	said	say	False	False	3161	36404	COMMUNICATION
4	was	be	False	False	3161	36408	STATE
3	said	say	False	False	3163	36428	COMMUNICATION
10	went	go	False	False	3163	36432	MOTION
4	said	say	False	False	3164	36442	COMMUNICATION
4	did	do	False	False	3164	36449	ABANDONMENT
10	know	know	False	False	3166	36459	COGNITION
4	did	do	False	False	3166	36461	ABANDONMENT
3	said	say	False	False	3167	36465	COMMUNICATION
10	were	be	False	False	3167	36469	STATE
4	turned	turn	False	False	3168	36477	MOTION
4	said	say	False	False	3169	36481	COMMUNICATION
0	mean	mean	False	False	3169	36489	CONJECTURE
3	repeated	repeat	False	False	3170	36498	COMMUNICATION
3	said	say	False	False	3170	36503	COMMUNICATION
0	were	be	False	False	3170	36505	STATE
3	did	do	True	False	3171	36517	ABANDONMENT
0	said	say	False	False	3173	36540	COMMUNICATION
0	were	be	False	False	3173	36549	STATE
3	said	say	False	False	3174	36557	COMMUNICATION
2	went	go	False	False	3175	36567	MOTION
3	remained	remain	False	False	3176	36575	EXIST
3	was	be	False	False	3176	36578	STATE
2	said	say	False	False	3177	36582	COMMUNICATION
2	wanted test	want test	False	False	3177	36589	DESIRE
2	was	be	False	False	3179	36608	STATE
3	nodded	nod	False	False	3180	36618	WINK
3	said	say	False	False	3181	36621	COMMUNICATION
3	assure	assure	False	False	3182	36637	ADVISE
0	said	say	False	False	3183	36643	COMMUNICATION
2	said	say	False	False	3185	36665	COMMUNICATION
2	wearing	wear	True	False	3185	36671	SIMPLE_DRESSING
0	said	say	False	False	3186	36677	COMMUNICATION
0	turned	turn	False	False	3187	36692	MOTION
5	said	say	False	False	3189	36714	COMMUNICATION
5	took	take	False	False	3189	36718	OBTAINING
5	sat	sit	False	False	3190	36734	BODY_POSITION
0	said	say	False	False	3191	36745	COMMUNICATION
0	think	think	True	False	3191	36751	COGNITION
0	noticed	notice	False	False	3191	36753	PERCEPTION
5	was	be	False	False	3192	36762	STATE
0	sat	sit	False	False	3194	36785	BODY_POSITION
1	answered	answer	False	False	3197	36802	COMMUNICATION
1	was	be	False	False	3198	36809	STATE
1	wandered	wander	False	False	3199	36820	MEANDER
1	went	go	False	False	3200	36827	MOTION
1	talked	talk	False	False	3200	36830	COMMUNICATION
0	interrupted	interrupt	False	False	3201	36839	INTERRUPT_PROCESS
0	said	say	False	False	3202	36842	COMMUNICATION
1	was	be	False	False	3203	36856	STATE
1	said	say	False	False	3204	36860	COMMUNICATION
1	know	know	True	False	3204	36866	COGNITION
1	think	think	False	False	3205	36875	COGNITION
1	said	say	False	False	3207	36902	COMMUNICATION
1	know	know	True	False	3207	36908	COGNITION
2	was	be	False	False	3208	36913	STATE
1	shivered	shiver	False	False	3209	36919	BODY_INTERNAL_STATES
2	queer	queer	False	False	3210	36927	
0	wanted know	want know	False	False	3211	36932	DESIRE
1	said	say	False	False	3212	36937	COMMUNICATION
2	said	say	False	False	3212	36954	COMMUNICATION
2	said	say	False	False	3212	36945	COMMUNICATION
2	waiting	wait	False	False	3212	36957	EXIST
2	frightened	frighten	False	False	3213	36965	AMUSE
0	nodded	nod	False	False	3214	36972	WINK
0	said	say	False	False	3215	36975	COMMUNICATION
0	do	do	False	False	3215	36981	ABANDONMENT
1	went	go	False	False	3216	36987	MOTION
1	went	go	False	False	3217	37000	MOTION
1	been	be	False	False	3218	37011	STATE
0	stroked	stroke	False	False	3219	37021	CONTACT
0	said	say	False	False	3220	37026	COMMUNICATION
0	doubt	doubt	False	False	3221	37035	CONJECTURE
8	had tell	have tell	False	False	3222	37056	POSSESSION
8	been	be	False	False	3223	37064	STATE
8	taken	take	False	False	3224	37081	OBTAINING
8	gone	go	False	False	3224	37091	MOTION
8	looked	look	True	False	3225	37107	PERCEPTION
8	seen	see	False	False	3225	37117	PERCEPTION
8	swear	swear	False	False	3226	37133	CONJECTURE
8	laid	lay	False	False	3226	37149	PLACEMENT
0	cleared	clear	False	False	3228	37170	CLEAR
2	murmured	murmur	False	False	3229	37175	COMMUNICATION
0	said	say	False	False	3230	37192	COMMUNICATION
0	reiterate	reiterate	False	False	3232	37244	COMMUNICATION
0	ask consider	ask consider	False	False	3236	37336	COMMUNICATION
0	warn	warn	False	False	3237	37359	ADVISE
2	had	have	False	False	3238	37374	POSSESSION
2	murmured	murmur	False	False	3243	37423	COMMUNICATION
0	believe	believe	False	False	3245	37443	COGNITION
1	asked	ask	False	False	3246	37448	COMMUNICATION
1	sat	sit	False	False	3247	37454	BODY_POSITION
2	cocked	cock	False	False	3249	37485	CRANE
2	said	say	False	False	3250	37497	COMMUNICATION
10	mean	mean	False	False	3250	37501	CONJECTURE
2	believe	believe	False	False	3250	37505	COGNITION
2	said	say	False	False	3252	37527	COMMUNICATION
0	know	know	False	False	3253	37540	COGNITION
1	took	take	False	False	3254	37553	OBTAINING
2	made	make	False	False	3256	37572	CREATION
1	shivered	shiver	False	False	3262	37621	BODY_INTERNAL_STATES
1	said	say	False	False	3263	37624	COMMUNICATION
1	keep feeling	keep feel	False	False	3264	37635	POSSESSION
2	said	say	False	False	3265	37647	COMMUNICATION
2	know	know	False	False	3265	37653	COGNITION
1	said	say	False	False	3267	37675	COMMUNICATION
1	wish	wish	False	False	3267	37682	DESIRE
2	said	say	False	False	3268	37690	COMMUNICATION
2	wo	will	True	False	3268	37698	FUTURE_HAVING
1	said	say	False	False	3271	37725	COMMUNICATION
0	think	think	False	False	3271	37744	COGNITION
2	grinned	grin	False	False	3272	37751	NONVERBAL_EXPRESSION
2	said	say	False	False	3273	37755	COMMUNICATION
2	take	take	False	False	3273	37759	OBTAINING
0	excepting	except	False	False	3273	37763	
2	know	know	False	False	3275	37776	COGNITION
2	fancy	fancy	True	False	3275	37790	ADMIRE
2	'm	be	True	False	3275	37781	STATE
10	strike	strike	False	False	3276	37802	CONTACT
2	come	come	False	False	3276	37818	MOTION
2	stake	stake	False	False	3277	37823	
1	said	say	False	False	3278	37838	COMMUNICATION
2	said	say	False	False	3279	37846	COMMUNICATION
0	going return	go return	True	False	3279	37859	MOTION
1	hesitated	hesitate	False	False	3280	37867	LINGER
1	said	say	False	False	3280	37873	COMMUNICATION
10	admitted	admit	False	False	3280	37878	ADMIT
0	hold	hold	True	False	3280	37887	POSSESSION
0	know	know	False	False	3280	37881	COGNITION
1	see	see	True	False	3280	37900	PERCEPTION
2	said	say	False	False	3281	37915	COMMUNICATION
2	were commit	be commit	False	False	3282	37923	STATE
2	get	get	False	False	3282	37938	OBTAINING
2	plump	plump	False	False	3286	37991	BODY_DESCRIPTION_HOLISTIC
1	sounded	sound	False	False	3288	38001	SOUND_EXISTENCE
1	thought	think	False	False	3289	38005	COGNITION
1	said	say	False	False	3289	38012	COMMUNICATION
0	's	be	False	False	3291	38030	STATE
0	presiding	preside	False	False	3291	38038	APPELLATIONS
0	played	play	False	True	3292	38053	SOCIAL
0	gets see	get see	False	False	3294	38075	OBTAINING
0	's	be	False	False	3294	38094	STATE
0	want go	want go	False	False	3294	38104	DESIRE
1	said	say	False	False	3295	38119	COMMUNICATION
1	suppose	suppose	False	False	3295	38126	COGNITION
2	said	say	False	False	3296	38134	COMMUNICATION
0	plump	plump	False	False	3296	38140	BODY_DESCRIPTION_HOLISTIC
1	answered	answer	False	False	3297	38148	COMMUNICATION
2	gave	give	False	False	3298	38156	TRANSFER
10	know	know	False	False	3300	38168	COGNITION
2	put	put	False	False	3300	38173	PLACEMENT
1	shook	shake	False	False	3301	38181	AMUSE
0	get	get	True	False	3305	38210	OBTAINING
9	had	have	False	False	3305	38224	POSSESSION
3	gave	give	False	False	3305	38231	TRANSFER
2	admitted	admit	False	False	3306	38236	ADMIT
1	persisted	persist	False	False	3307	38247	EXIST
2	said	say	False	False	3309	38280	COMMUNICATION
2	doubt	doubt	False	False	3309	38286	CONJECTURE
3	killed	kill	False	False	3309	38291	KILLING
3	had	have	True	False	3310	38298	POSSESSION
3	doubt	doubt	False	False	3310	38326	CONJECTURE
2	left	leave	True	False	3310	38306	MOTION
3	hared	hare	False	False	3310	38317	AGGREGATE
3	's	be	False	False	3310	38329	STATE
1	said	say	False	False	3311	38346	COMMUNICATION
3	do	do	True	False	3311	38352	ABANDONMENT
3	had	have	False	False	3312	38357	POSSESSION
3	went	go	False	False	3313	38370	MOTION
2	whistled	whistle	False	False	3314	38381	ANIMAL_SOUNDS
2	said	say	False	False	3315	38387	COMMUNICATION
0	think	think	False	False	3315	38392	COGNITION
3	did	do	False	False	3315	38394	ABANDONMENT
1	said	say	False	False	3317	38406	COMMUNICATION
3	's	be	False	False	3318	38416	STATE
3	swear	swear	False	False	3319	38427	CONJECTURE
2	looked	look	False	False	3320	38446	PERCEPTION
2	said	say	False	False	3321	38457	COMMUNICATION
10	know	know	False	False	3321	38453	COGNITION
2	wonder	wonder	False	False	3322	38469	COGNITION
4	is	be	False	False	3324	38480	STATE
4	want know	want know	False	False	3325	38490	DESIRE
8	held	hold	False	False	3328	38515	POSSESSION
4	said	say	False	False	3329	38524	COMMUNICATION
8	's	be	False	False	3329	38533	STATE
4	want know	want know	False	False	3332	38555	DESIRE
4	said	say	False	False	3334	38573	COMMUNICATION
8	said	say	False	False	3335	38588	COMMUNICATION
0	got	get	False	False	3335	38595	OBTAINING
10	got	get	False	False	3336	38604	OBTAINING
4	said	say	False	False	3337	38621	COMMUNICATION
4	have	have	False	False	3337	38616	POSSESSION
4	be	be	False	False	3339	38638	STATE
4	say	say	False	False	3340	38644	COMMUNICATION
4	'm	be	False	False	3340	38649	STATE
8	wiped	wipe	False	False	3341	38669	FUNNEL
8	said	say	False	False	3342	38677	COMMUNICATION
4	said	say	False	False	3343	38696	COMMUNICATION
8	shook	shake	False	False	3344	38714	AMUSE
8	said	say	False	False	3345	38719	COMMUNICATION
8	know	know	True	False	3345	38726	COGNITION
8	know	know	True	False	3346	38731	COGNITION
3	said	say	False	False	3351	38760	COMMUNICATION
0	looked	look	False	False	3353	38785	PERCEPTION
0	played	play	False	False	3354	38796	SOCIAL
0	said	say	False	False	3355	38807	COMMUNICATION
0	do	do	True	False	3355	38811	ABANDONMENT
0	say	say	False	False	3356	38827	COMMUNICATION
3	dropped	drop	False	False	3357	38866	CALIBRATABLE_COS
3	groaned	groan	False	False	3357	38873	ANIMAL_SOUNDS
3	said	say	False	False	3358	38876	COMMUNICATION
0	said	say	False	False	3359	38899	COMMUNICATION
0	hope	hope	True	False	3359	38895	DESIRE
0	intend take	intend take	False	False	3360	38906	ATTEMPT
3	marvelled	marvel	False	False	3362	38950	MARVEL
3	was	be	False	False	3363	38960	STATE
0	thinking Murdered	think murder	False	False	3364	38988	COGNITION
3	are	be	False	False	3365	38998	STATE
3	think	think	False	False	3365	39004	COGNITION
3	said	say	False	False	3367	39016	COMMUNICATION
0	remember	remember	False	False	3369	39035	COGNITION
3	said	say	False	False	3371	39051	COMMUNICATION
0	said	say	False	False	3373	39072	COMMUNICATION
0	think	think	False	False	3373	39069	COGNITION
3	said	say	False	False	3374	39089	COMMUNICATION
0	stroked	stroke	False	False	3375	39109	CONTACT
0	murmured	murmur	False	False	3375	39113	COMMUNICATION
0	know	know	False	False	3375	39119	COGNITION
0	say	say	True	False	3375	39125	COMMUNICATION
3	stared	star	False	False	3376	39130	CAPTAIN
0	mean	mean	False	False	3377	39137	CONJECTURE
0	know	know	False	False	3377	39139	COGNITION
0	said	say	False	False	3378	39145	COMMUNICATION
0	admit	admit	False	False	3378	39162	ADMIT
0	have	have	False	False	3378	39165	POSSESSION
0	think	think	False	False	3380	39191	COGNITION
3	stared	star	False	False	3381	39196	CAPTAIN
3	said	say	False	False	3382	39201	COMMUNICATION
3	understand	understand	True	False	3382	39207	COGNITION
5	was	be	False	False	3384	39216	STATE
5	took	take	False	False	3385	39223	OBTAINING
5	went	go	False	False	3385	39228	MOTION
5	opened	open	False	False	3386	39236	APPEAR
5	set	set	False	False	3387	39248	PLACEMENT
5	went	go	False	False	3387	39252	MOTION
5	took	take	False	False	3388	39266	OBTAINING
5	opened	open	False	False	3389	39276	APPEAR
5	began writing	begin write	False	False	3389	39279	ASPECT
0	made	make	False	False	3394	39316	CREATION
0	is	be	False	False	3395	39324	STATE
5	suspected	suspect	False	False	3397	39349	COGNITION
5	know	know	False	False	3400	39367	COGNITION
5	sat	sit	False	False	3401	39372	BODY_POSITION
5	wrote	write	False	False	3404	39399	LECTURE
5	awoke	awake	False	False	3406	39421	APPEAR
5	looked	look	False	False	3407	39424	PERCEPTION
5	scored	score	False	False	3408	39435	BEHIND_THE_SCENES
5	said	say	False	False	3409	39448	COMMUNICATION
5	write	write	False	False	3409	39457	LECTURE
5	Did	do	False	False	3410	39460	ABANDONMENT
5	going	go	False	False	3411	39466	MOTION
8	brought	bring	False	False	3418	39515	TRANSFER
8	said	say	False	False	3419	39527	COMMUNICATION
8	draw	draw	False	False	3419	39532	FORCE
1	said	say	False	False	3425	39598	COMMUNICATION
0	pour	pour	False	False	3425	39603	POUR
0	replied	reply	False	False	3426	39614	COMMUNICATION
0	do	do	False	False	3426	39620	ABANDONMENT
5	lost	lose	False	False	3428	39636	CONTRIBUTE
1	moved	move	False	False	3430	39651	MOTION
2	made	make	False	False	3435	39681	CREATION
4	responded	respond	False	False	3436	39687	COMMUNICATION
0	sipped	sip	False	False	3438	39705	CHEW
8	came	come	False	False	3439	39712	MOTION
8	was	be	False	False	3440	39717	STATE
8	said	say	False	False	3441	39721	COMMUNICATION
0	mean	mean	False	False	3444	39766	CONJECTURE
8	going	go	False	False	3446	39783	MOTION
8	was	be	True	False	3446	39797	STATE
0	asked	ask	False	False	3447	39807	COMMUNICATION
4	said	say	False	False	3449	39826	COMMUNICATION
2	said	say	False	False	3452	39853	COMMUNICATION
4	said	say	False	False	3455	39875	COMMUNICATION
10	kill	kill	True	False	3458	39908	KILLING
8	said	say	False	False	3460	39921	COMMUNICATION
8	went	go	False	False	3461	39935	MOTION
5	rose	rise	False	False	3468	40012	BODY_POSITION
5	said	say	False	False	3469	40018	COMMUNICATION
5	going	go	False	False	3469	40023	MOTION
1	said	say	False	False	3470	40029	COMMUNICATION
1	go	go	False	False	3470	40034	MOTION
4	said	say	False	False	3474	40096	COMMUNICATION
2	said	say	False	False	3475	40114	COMMUNICATION
2	went	go	False	False	3476	40133	MOTION
2	followed	follow	False	False	3476	40139	MOTION
8	saw	see	False	False	3480	40177	PERCEPTION
8	setting	set	False	False	3480	40171	PLACEMENT
8	heard	hear	False	False	3481	40183	PERCEPTION
0	advise	advise	False	False	3482	40202	ADVISE
4	said	say	False	False	3483	40214	COMMUNICATION
4	is	be	False	False	3485	40253	STATE
0	know	know	False	False	3485	40255	COGNITION
0	said	say	False	False	3486	40262	COMMUNICATION
8	came	come	False	False	3488	40283	MOTION
8	slipped	slip	False	False	3488	40291	TRANSFER
8	saw	see	False	False	3489	40298	PERCEPTION
8	nodded	nod	False	False	3490	40320	WINK
8	muttered	mutter	False	False	3491	40332	MANNER_SPEAKING
8	went	go	False	False	3492	40335	MOTION
8	murmured	murmur	False	False	3496	40378	COMMUNICATION
8	see	see	False	False	3496	40383	PERCEPTION
8	locked	lock	False	False	3497	40399	TAPE
8	pulled	pull	False	False	3498	40416	CONTACT
8	hurried	hurry	False	False	3499	40438	MOTION
8	looked	look	False	False	3500	40465	PERCEPTION
8	prepared	prepare	False	False	3501	40479	PREPARING
8	said	say	False	False	3502	40484	COMMUNICATION
8	seen	see	False	False	3502	40496	PERCEPTION
2	had	have	False	False	3504	40507	POSSESSION
2	did	do	False	False	3505	40516	ABANDONMENT
2	raised	raise	False	False	3506	40524	CRANE
2	listened	listen	False	False	3506	40530	PEER
2	hear	hear	False	False	3508	40544	PERCEPTION
2	hear	hear	True	False	3509	40565	PERCEPTION
2	was	be	False	False	3510	40569	STATE
2	sitting	sit	False	False	3511	40579	BODY_POSITION
2	put	put	False	False	3512	40592	PLACEMENT
2	said	say	False	False	3514	40619	COMMUNICATION
2	think	think	False	False	3514	40625	COGNITION
2	tapping	tap	False	False	3515	40646	CONTACT
2	opened	open	False	False	3516	40658	APPEAR
2	said Sleeping	say sleep	False	False	3518	40677	COMMUNICATION
0	got	get	False	False	3519	40691	OBTAINING
4	said	say	False	False	3520	40698	COMMUNICATION
2	answered	answer	False	False	3521	40709	COMMUNICATION
0	know	know	False	False	3522	40724	COGNITION
4	looked	look	False	False	3523	40732	PERCEPTION
4	said	say	False	False	3524	40746	COMMUNICATION
4	slept	sleep	False	False	3525	40762	FIT
2	said	say	False	False	3527	40773	COMMUNICATION
2	said	say	False	False	3529	40798	COMMUNICATION
2	mean	mean	False	False	3529	40802	CONJECTURE
8	is	be	False	False	3529	40805	STATE
8	is	be	True	False	3530	40809	STATE
4	swore	swear	False	False	3532	40835	CONJECTURE
4	said	say	False	False	3533	40841	COMMUNICATION
8	be	be	False	False	3533	40849	STATE
4	get	get	False	False	3535	40860	OBTAINING
2	nodded	nod	False	False	3537	40875	WINK
2	moved	move	False	False	3538	40878	MOTION
2	found	find	False	False	3539	40887	OBTAINING
0	had roused	have rouse	False	False	3540	40901	POSSESSION
1	dressed	dress	False	True	3541	40911	DRESS
2	ascertained	ascertain	False	False	3544	40937	DISCOVER
2	said	say	False	False	3546	40960	COMMUNICATION
8	got	get	False	False	3546	40964	OBTAINING
1	said	say	False	False	3547	40971	COMMUNICATION
1	tried make	try make	False	False	3547	40978	ATTEMPT
10	think	think	True	False	3547	40989	COGNITION
8	hiding	hide	False	False	3547	40992	CONCEALMENT
2	said	say	False	False	3548	41001	COMMUNICATION
2	'm	be	False	False	3548	41009	STATE
3	said	say	False	False	3550	41032	COMMUNICATION
8	be	be	False	False	3550	41037	STATE
4	dressed	dress	False	False	3551	41051	DRESS
4	unshaved	unshave	False	False	3551	41055	
5	got	get	False	False	3551	41064	OBTAINING
5	came	come	False	False	3552	41083	MOTION
5	had	have	False	False	3553	41091	POSSESSION
5	said	say	False	False	3554	41097	COMMUNICATION
5	think	think	True	False	3555	41111	COGNITION
4	said	say	False	False	3556	41121	COMMUNICATION
0	wandering	wander	False	False	3556	41127	MEANDER
0	realize	realize	True	False	3557	41139	COGNITION
5	assure	assure	False	False	3557	41157	ADVISE
5	kept	keep	False	False	3557	41165	POSSESSION
5	said	say	False	False	3557	41153	COMMUNICATION
4	grunted	grunt	False	False	3558	41173	ANIMAL_SOUNDS
4	said	say	False	False	3559	41176	COMMUNICATION
5	seen	see	True	False	3562	41199	PERCEPTION
0	came	come	False	False	3564	41222	MOTION
0	moved	move	False	False	3565	41228	MOTION
0	said	say	False	False	3566	41238	COMMUNICATION
8	laid	lay	False	False	3566	41242	PLACEMENT
0	see	see	False	False	3566	41249	PERCEPTION
2	said	say	False	False	3567	41253	COMMUNICATION
8	done	do	False	False	3567	41259	ABANDONMENT
1	caught	catch	False	False	3572	41310	OBTAINING
1	made	make	False	False	3572	41322	CREATION
1	cried	cry	False	False	3573	41329	BREATHE
8	was	be	False	False	3578	41363	STATE
8	chopping	chop	False	False	3579	41377	CARVE
3	said	say	False	False	3584	41446	COMMUNICATION
4	bending	bend	False	False	3585	41473	ASSUMING_POSITION
4	was	be	False	False	3586	41478	STATE
0	asked	ask	False	False	3587	41497	COMMUNICATION
3	said	say	False	False	3588	41511	COMMUNICATION
0	mean	mean	False	False	3588	41526	CONJECTURE
3	gave	give	False	False	3589	41530	TRANSFER
1	retired	retire	False	False	3590	41542	WITHDRAW
5	is	be	False	False	3592	41566	STATE
5	has	have	False	False	3592	41575	POSSESSION
0	remember	remember	False	False	3593	41586	COGNITION
0	nodded	nod	False	False	3594	41605	WINK
4	rose	rise	False	False	3595	41609	BODY_POSITION
4	said	say	False	False	3596	41618	COMMUNICATION
0	turned	turn	False	False	3598	41638	MOTION
1	standing	stand	False	False	3599	41644	BODY_POSITION
1	cried	cry	False	False	3600	41650	BREATHE
0	stared	star	False	False	3605	41691	CAPTAIN
1	gone	go	False	False	3606	41707	MOTION
1	went	go	False	False	3607	41714	MOTION
0	thought	think	False	False	3608	41732	COGNITION
1	was	be	False	False	3608	41734	STATE
1	asking	ask	False	False	3609	41744	COMMUNICATION
0	understand	understand	True	False	3611	41757	COGNITION
0	read	read	True	False	3612	41762	DISCOVER
1	know	know	False	False	3617	41808	COGNITION
1	tell	tell	False	False	3617	41816	COMMUNICATION
1	asking	ask	False	False	3619	41834	COMMUNICATION
1	began laughing	begin laugh	False	False	3620	41858	ASPECT
3	strode	stride	False	False	3621	41865	MOTION
3	raised	raise	False	False	3622	41869	CRANE
3	struck	strike	False	False	3622	41873	CONTACT
1	gasped	gasp	False	False	3623	41883	NONVERBAL_EXPRESSION
1	swallowed	swallow	False	False	3623	41888	GOBBLE
1	stood	stand	False	False	3624	41891	BODY_POSITION
1	said Thank	say thank	False	False	3624	41898	COMMUNICATION
1	'm	be	False	False	3625	41905	STATE
1	turned	turn	False	False	3627	41929	MOTION
1	went	go	False	False	3627	41931	MOTION
5	getting	get	False	False	3627	41946	OBTAINING
1	went	go	False	False	3630	41978	MOTION
0	dealt	deal	False	False	3630	41989	COPE
3	said	say	False	False	3631	41999	COMMUNICATION
1	's	be	True	False	3633	42026	STATE
3	agreed	agree	False	False	3634	42034	SOCIAL
8	chopped	chop	False	False	3639	42060	CARVE
8	killed	kill	False	True	3639	42070	KILLING
1	were	be	False	False	3641	42087	STATE
5	raking	rake	False	False	3642	42093	FUNNEL
1	cutting	cut	False	False	3643	42100	AMUSE
5	said Thank	say thank	False	False	3644	42109	COMMUNICATION
4	said	say	False	False	3648	42148	COMMUNICATION
4	thinking	think	False	False	3648	42163	COGNITION
2	said	say	False	False	3649	42168	COMMUNICATION
0	're	be	False	False	3649	42173	STATE
4	was	be	False	False	3650	42194	STATE
4	went	go	False	False	3652	42208	MOTION
4	paused	pause	False	False	3661	42289	LINGER
4	thought	think	False	False	3662	42293	COGNITION
4	saw	see	False	False	3662	42298	PERCEPTION
4	went	go	False	False	3662	42306	MOTION
4	saw	see	False	False	3662	42311	PERCEPTION
0	think	think	False	False	3664	42349	COGNITION
2	said	say	False	False	3665	42355	COMMUNICATION
4	went	go	False	False	3666	42365	MOTION
4	suppose saying	suppose say	False	False	3668	42390	COGNITION
0	ask	ask	False	False	3669	42409	COMMUNICATION
4	mean go	mean go	True	False	3670	42431	CONJECTURE
5	's	be	False	False	3672	42461	STATE
5	sits	sit	False	False	3673	42472	BODY_POSITION
0	know	know	False	False	3673	42478	COGNITION
2	sighed	sigh	False	False	3674	42487	NONVERBAL_EXPRESSION
2	said	say	False	False	3674	42489	COMMUNICATION
4	went	go	False	False	3675	42507	MOTION
5	was	be	False	False	3675	42518	STATE
5	said	say	False	False	3675	42525	COMMUNICATION
5	been	be	False	False	3675	42528	STATE
2	shook	shake	False	False	3676	42539	AMUSE
2	said	say	False	False	3677	42544	COMMUNICATION
8	killed	kill	False	True	3677	42549	KILLING
8	chopping	chop	False	False	3677	42553	CARVE
8	got	get	False	False	3677	42564	OBTAINING
5	needed wander	need wander	True	False	3678	42573	ORDER
0	ask	ask	False	False	3679	42584	COMMUNICATION
4	said	say	False	False	3680	42606	COMMUNICATION
10	missing	miss	False	False	3680	42611	ADMIRE
9	was	be	False	False	3681	42621	STATE
5	be	be	False	False	3681	42625	STATE
5	do	do	False	False	3682	42639	ABANDONMENT
5	knew	know	False	False	3682	42643	COGNITION
5	had	have	False	False	3682	42646	POSSESSION
5	is	be	False	False	3683	42658	STATE
2	said	say	False	False	3684	42665	COMMUNICATION
2	thought	think	True	False	3685	42680	COGNITION
2	added	add	False	False	3686	42686	MIX
0	suspect	suspect	True	False	3686	42698	COGNITION
4	said	say	False	False	3687	42703	COMMUNICATION
4	start	start	False	False	3687	42710	ASPECT
0	told	tell	False	False	3687	42724	COMMUNICATION
0	tell	tell	True	False	3687	42729	COMMUNICATION
4	realized	realize	False	False	3688	42734	COGNITION
0	feel	feel	False	False	3688	42754	PERCEPTION
4	paused	pause	False	False	3688	42747	LINGER
4	said	say	False	False	3688	42749	COMMUNICATION
2	said	say	False	False	3689	42762	COMMUNICATION
2	be	be	False	False	3689	42768	STATE
2	feel	feel	True	False	3689	42778	PERCEPTION
0	got	get	False	False	3689	42782	OBTAINING
2	say	say	False	False	3690	42792	COMMUNICATION
0	're	be	False	False	3690	42797	STATE
0	're	be	False	False	3690	42802	STATE
2	take	take	False	False	3690	42809	OBTAINING
2	lowered	lower	False	False	3691	42818	CALIBRATABLE_COS
0	did	do	False	False	3692	42850	ABANDONMENT
2	suppose	suppose	False	False	3692	42859	COGNITION
4	shifted	shift	False	False	3693	42863	CONVERT
4	said	say	False	False	3694	42873	COMMUNICATION
18	was	be	False	False	3696	42895	STATE
2	squared	square	False	False	3697	42905	SETTLE
18	put	put	False	False	3697	42912	PLACEMENT
2	admit	admit	True	False	3698	42924	ADMIT
2	finished	finish	False	False	3699	42938	ASPECT
2	hope	hope	False	False	3701	42956	DESIRE
0	made	make	False	False	3701	42958	CREATION
2	done	do	False	False	3702	42975	ABANDONMENT
2	got	get	False	False	3704	42985	OBTAINING
18	got	get	False	False	3705	42995	OBTAINING
18	died	die	False	False	3705	42999	DEATH
4	know	know	True	False	3706	43008	COGNITION
18	going die	go die	False	False	3706	43011	MOTION
0	mean	mean	False	False	3709	43038	CONJECTURE
4	stared	star	False	False	3712	43075	CAPTAIN
0	think	think	False	False	3713	43082	COGNITION
4	going go	go go	False	False	3713	43085	MOTION
4	watching	watch	False	False	3715	43103	PERCEPTION
4	tell	tell	False	False	3715	43112	COMMUNICATION
2	said	say	False	False	3716	43117	COMMUNICATION
0	were	be	False	False	3717	43134	STATE
2	paid	pay	True	True	3717	43140	PAY
2	mean	mean	False	False	3718	43153	CONJECTURE
2	showed	show	False	False	3719	43158	CONJECTURE
2	said	say	False	False	3720	43163	COMMUNICATION
2	mean	mean	False	False	3720	43167	CONJECTURE
0	got	get	True	False	3720	43180	OBTAINING
4	demanded	demand	False	False	3724	43235	ORDER
2	said	say	False	False	3726	43255	COMMUNICATION
2	've	have	False	False	3726	43259	POSSESSION
2	been	be	False	False	3727	43270	STATE
2	got	get	False	False	3727	43277	OBTAINING
2	think	think	False	False	3728	43283	COGNITION
2	say	say	True	False	3728	43288	COMMUNICATION
2	think	think	False	False	3729	43294	COGNITION
2	get	get	False	False	3729	43297	OBTAINING
1	thought	think	False	False	3732	43323	COGNITION
1	make	make	False	False	3732	43331	CREATION
1	prided	pride	False	False	3735	43359	
1	was	be	False	False	3736	43368	STATE
1	kept	keep	False	False	3736	43371	POSSESSION
1	started	start	False	False	3736	43375	ASPECT
15	disappeared	disappear	False	False	3739	43400	DISAPPEARANCE
1	got	get	False	False	3739	43404	OBTAINING
1	felt	feel	False	False	3740	43411	PERCEPTION
1	let	let	False	False	3741	43425	ABOUNDING_WITH
1	go	go	False	False	3741	43427	MOTION
14	looked	look	False	False	3744	43464	PERCEPTION
14	was	be	False	False	3746	43485	STATE
14	doing	do	False	False	3747	43491	ABANDONMENT
14	engaged	engage	False	False	3748	43495	AMALGAMATE
5	said	say	False	False	3749	43501	COMMUNICATION
5	lifted	lift	False	False	3752	43533	PUT_DIRECTION
1	said	say	False	False	3753	43556	COMMUNICATION
10	're	be	False	False	3753	43561	STATE
5	said	say	False	False	3754	43571	COMMUNICATION
5	brought	bring	False	True	3754	43581	TRANSFER
1	thought	think	False	False	3755	43596	COGNITION
1	said	say	False	False	3757	43615	COMMUNICATION
0	Are	be	True	False	3757	43618	STATE
1	paused	pause	False	False	3758	43625	LINGER
1	added	add	False	False	3758	43628	MIX
0	mind dying	mind die	True	False	3758	43635	CARE
5	going die	go die	True	False	3762	43668	MOTION
1	understand	understand	True	False	3764	43690	COGNITION
5	was	be	True	False	3765	43693	STATE
5	led	lead	False	False	3767	43729	ACCOMPANY
5	done	do	True	False	3768	43738	ABANDONMENT
5	going die	go die	True	False	3769	43754	MOTION
14	is	be	False	False	3770	43762	STATE
6	married	marry	False	False	3776	43828	AMALGAMATE
6	seemed care	seem care	True	False	3777	43835	GIVE_IMPRESSION
6	seemed welcome	seem welcome	False	False	3778	43841	GIVE_IMPRESSION
5	dreamed	dream	False	False	3783	43882	DESIRE
5	wanted let	want let	True	False	3784	43911	DESIRE
5	did	do	False	False	3785	43921	ABANDONMENT
5	came	come	False	False	3786	43930	MOTION
5	said	say	False	False	3788	43947	COMMUNICATION
0	cleared	clear	False	False	3823	44248	CLEAR
0	said	say	False	False	3824	44253	COMMUNICATION
0	think	think	False	False	3824	44267	COGNITION
1	began pile	begin pile	False	False	3827	44303	ASPECT
1	said	say	False	False	3828	44310	COMMUNICATION
1	clear	clear	False	False	3828	44315	CLEAR
1	wash	wash	False	False	3828	44318	DRESS
5	sat	sit	False	False	3830	44352	BODY_POSITION
5	said	say	False	False	3831	44357	COMMUNICATION
0	said	say	False	False	3832	44367	COMMUNICATION
5	said	say	False	False	3833	44379	COMMUNICATION
5	'm	be	False	False	3833	44384	STATE
5	like help	like help	False	False	3834	44389	EMOTION
5	know	know	True	False	3834	44399	COGNITION
5	feel	feel	False	False	3835	44405	PERCEPTION
3	came	come	False	False	3837	44420	MOTION
3	give	give	False	False	3840	44433	TRANSFER
3	flushed	flush	False	False	3844	44464	HICCUP
3	said	say	False	False	3846	44482	COMMUNICATION
0	please	please	False	False	3846	44489	AMUSE
5	said	say	False	False	3847	44496	COMMUNICATION
5	wish take	wish take	True	False	3847	44502	DESIRE
5	sit	sit	False	False	3848	44514	BODY_POSITION
0	'm	be	False	False	3850	44537	STATE
0	give	give	False	False	3851	44546	TRANSFER
1	said	say	False	False	3852	44556	COMMUNICATION
5	left	leave	False	True	3853	44566	MOTION
5	heard	hear	False	False	3854	44579	PERCEPTION
5	felt	feel	False	False	3856	44595	PERCEPTION
5	go	go	False	False	3856	44604	MOTION
5	thought	think	False	False	3858	44627	COGNITION
5	saw	see	False	False	3859	44642	PERCEPTION
1	talked	talk	False	False	3861	44658	COMMUNICATION
1	liked	like	False	False	3864	44670	EMOTION
17	came	come	False	False	3870	44710	MOTION
5	had turn	have turn	False	False	3871	44717	POSSESSION
5	see	see	False	False	3871	44726	PERCEPTION
5	turn	turn	True	False	3872	44733	MOTION
5	were call	be call	False	False	3874	44740	STATE
1	said	say	False	False	3888	44850	COMMUNICATION
1	go	go	False	False	3888	44855	MOTION
1	fetch	fetch	False	False	3888	44857	OBTAINING
4	said	say	False	False	3889	44862	COMMUNICATION
1	sat	sit	False	False	3890	44872	BODY_POSITION
4	said	say	False	False	3892	44884	COMMUNICATION
4	take	take	False	False	3893	44919	OBTAINING
3	said	say	False	False	3895	44933	COMMUNICATION
0	say	say	False	False	3897	44948	COMMUNICATION
3	said	say	False	False	3898	44954	COMMUNICATION
3	've	have	False	False	3899	44963	POSSESSION
1	said	say	False	False	3901	44980	COMMUNICATION
5	was	be	False	False	3901	44984	STATE
1	shivered	shiver	False	False	3903	45003	BODY_INTERNAL_STATES
10	judge	judge	True	False	3904	45012	CHARACTERIZE
4	said	say	False	False	3906	45030	COMMUNICATION
5	's	be	False	False	3907	45039	STATE
5	had	have	True	False	3909	45058	POSSESSION
1	stirred	stir	False	False	3910	45066	AMUSE
1	said	say	False	False	3911	45072	COMMUNICATION
5	told	tell	False	False	3912	45082	COMMUNICATION
0	said	say	False	False	3913	45089	COMMUNICATION
5	tell	tell	False	False	3913	45095	COMMUNICATION
1	repeated	repeat	False	False	3914	45103	COMMUNICATION
0	observed	observe	False	False	3915	45113	PERCEPTION
0	have	have	False	False	3916	45124	POSSESSION
5	appear troubled	appear trouble	False	False	3917	45139	APPEAR
1	said	say	False	False	3918	45166	COMMUNICATION
1	was	be	False	False	3919	45171	STATE
4	said	say	False	False	3920	45177	COMMUNICATION
0	said	say	False	False	3922	45198	COMMUNICATION
0	think	think	False	False	3923	45210	COGNITION
4	said	say	False	False	3924	45223	COMMUNICATION
0	going take	go take	True	False	3924	45229	MOTION
0	said	say	False	False	3925	45238	COMMUNICATION
0	fail see	fail see	False	False	3925	45242	NEGLECT
0	ask observe	ask observe	False	False	3927	45267	COMMUNICATION
5	sitting	sit	False	False	3929	45294	BODY_POSITION
5	seem hear	seem hear	True	False	3930	45317	GIVE_IMPRESSION
4	said	say	False	False	3932	45345	COMMUNICATION
5	's	be	False	False	3932	45352	STATE
3	was	be	False	False	3935	45382	STATE
3	sniffed	sniff	False	False	3936	45390	NONVERBAL_EXPRESSION
3	shook	shake	False	False	3936	45394	AMUSE
3	peered	peer	False	False	3936	45398	PEER
2	said	say	False	False	3937	45404	COMMUNICATION
3	said	say	False	False	3940	45443	COMMUNICATION
1	cried Look	cry look	False	False	3942	45466	BREATHE
1	said	say	False	False	3943	45480	COMMUNICATION
3	said	say	False	False	3944	45486	COMMUNICATION
0	asked	ask	False	False	3946	45509	COMMUNICATION
3	answered	answer	False	False	3947	45519	COMMUNICATION
1	cried	cry	False	False	3950	45551	BREATHE
2	said	say	False	False	3952	45566	COMMUNICATION
0	said	say	False	False	3958	45666	COMMUNICATION
0	hope	hope	False	False	3958	45675	DESIRE
3	said	say	False	False	3960	45699	COMMUNICATION
3	did	do	False	False	3960	45714	ABANDONMENT
3	braced	brace	False	False	3962	45726	ACCOUTREMENTS
3	said	say	False	False	3963	45738	COMMUNICATION
0	said	say	False	False	3965	45754	COMMUNICATION
0	tell	tell	False	False	3966	45763	COMMUNICATION
0	said	say	False	False	3968	45785	COMMUNICATION
3	said	say	False	False	3973	45833	COMMUNICATION
3	stood	stand	False	False	3975	45852	BODY_POSITION
3	looked	look	False	False	3977	45875	PERCEPTION
3	repeated	repeat	False	False	3977	45881	COMMUNICATION
3	tell	tell	False	False	3977	45888	COMMUNICATION
4	looking	look	False	False	3978	45900	PERCEPTION
0	said	say	False	False	3979	45910	COMMUNICATION
0	ask	ask	False	False	3983	45957	COMMUNICATION
0	have	have	False	False	3983	45966	POSSESSION
3	replied	reply	False	False	3984	45973	COMMUNICATION
3	have	have	False	False	3984	45977	POSSESSION
10	examine	examine	False	False	3985	45986	INVESTIGATE
10	find	find	False	False	3986	45991	OBTAINING
3	have	have	False	False	3988	46016	POSSESSION
0	said	say	False	False	3989	46026	COMMUNICATION
0	think	think	False	False	3989	46041	COGNITION
0	have	have	False	False	3989	46030	POSSESSION
0	presume	presume	False	False	3990	46046	AWARENESS
10	have	have	False	False	3991	46064	POSSESSION
2	said	say	False	False	3992	46074	COMMUNICATION
2	have	have	False	False	3992	46081	POSSESSION
0	propose	propose	False	False	3994	46089	COMMUNICATION
2	said	say	False	False	3996	46153	COMMUNICATION
2	'm	be	False	False	3996	46157	STATE
2	give	give	False	False	3996	46162	TRANSFER
0	said	say	False	False	3997	46169	COMMUNICATION
0	are	be	False	False	3997	46177	STATE
0	is	be	False	False	3997	46192	STATE
0	know	know	True	False	3998	46203	COGNITION
0	tell	tell	False	False	3998	46217	COMMUNICATION
10	appreciate	appreciate	False	False	4000	46246	ADMIRE
0	choose resist	choose resist	False	False	4000	46257	OBTAINING
2	threw	throw	False	False	4001	46267	AMUSE
0	got	get	False	False	4004	46292	OBTAINING
0	nodded	nod	False	False	4005	46302	WINK
10	are	be	False	False	4006	46308	STATE
0	fetch	fetch	False	False	4010	46341	OBTAINING
0	think	think	False	False	4011	46347	COGNITION
2	said	say	False	False	4012	46360	COMMUNICATION
0	are	be	True	False	4012	46375	STATE
2	strode	stride	False	False	4014	46391	MOTION
2	jerked	jerk	False	False	4014	46399	CONTACT
2	recoiled	recoil	False	False	4015	46406	FLINCH
2	stripped	strip	False	False	4020	46434	CHEAT
2	searched	search	False	False	4020	46446	SEARCH
1	was	be	False	False	4021	46455	STATE
0	hope	hope	False	False	4026	46502	DESIRE
0	understand	understand	False	False	4026	46505	COGNITION
10	have	have	False	False	4028	46524	POSSESSION
0	presume	presume	False	False	4028	46527	AWARENESS
1	nodded	nod	False	False	4029	46537	WINK
0	ask go	ask go	False	False	4030	46543	COMMUNICATION
1	went	go	False	False	4031	46564	MOTION
1	shut	shut	False	False	4031	46569	OTHER_COS
1	reappeared	reappear	False	False	4032	46574	APPEAR
0	nodded	nod	False	False	4033	46591	WINK
0	remain	remain	False	False	4035	46605	EXIST
1	waited	wait	False	False	4036	46616	EXIST
1	went	go	False	False	4037	46627	MOTION
1	came	come	False	False	4037	46633	MOTION
0	said	say	False	False	4038	46643	COMMUNICATION
0	think	think	False	False	4042	46693	COGNITION
4	said	say	False	False	4043	46709	COMMUNICATION
0	made	make	False	False	4045	46735	CREATION
0	went	go	False	False	4046	46740	MOTION
0	followed	follow	False	False	4046	46748	MOTION
0	gave	give	False	False	4050	46811	TRANSFER
0	said	say	False	False	4051	46830	COMMUNICATION
10	are	be	False	False	4051	46835	STATE
0	paused	pause	False	False	4055	46907	LINGER
4	said	say	False	False	4057	46935	COMMUNICATION
10	damned	damn	False	False	4059	46968	JUDGEMENT
0	asked	ask	False	False	4061	46986	COMMUNICATION
0	see	see	False	False	4061	46992	PERCEPTION
0	nodded	nod	False	False	4064	47021	WINK
1	said	say	False	False	4066	47051	COMMUNICATION
4	said	say	False	False	4072	47121	COMMUNICATION
4	know	know	True	False	4072	47128	COGNITION
4	bet	bet	False	False	4072	47137	BILL
4	know	know	False	False	4072	47139	COGNITION
4	opened	open	False	False	4074	47154	APPEAR
4	led	lead	False	False	4074	47159	ACCOMPANY
4	found	find	False	False	4075	47177	OBTAINING
4	said	say	False	False	4077	47196	COMMUNICATION
4	killed	kill	False	False	4078	47212	KILLING
4	opened	open	False	False	4078	47216	APPEAR
4	threw	throw	False	False	4078	47220	AMUSE
4	picked	pick	False	False	4078	47225	CHEW
4	followed	follow	False	False	4078	47234	MOTION
1	said	say	False	False	4081	47255	COMMUNICATION
0	said	say	False	False	4082	47274	COMMUNICATION
2	gets	get	False	False	4084	47301	OBTAINING
0	sat	sat	False	False	4095	47442	ACTIVE_SUBSTANCE
4	looked	look	False	False	4096	47460	PERCEPTION
4	was	be	False	False	4100	47495	STATE
2	smiled	smile	False	False	4104	47542	NONVERBAL_EXPRESSION
1	was	be	False	False	4105	47557	STATE
1	sat	sit	False	False	4106	47562	BODY_POSITION
1	looked	look	False	False	4108	47582	PERCEPTION
1	was	be	False	False	4109	47586	STATE
3	was	be	False	False	4111	47627	STATE
3	twitched	twitch	False	False	4112	47636	BODY_INTERNAL_MOTION
3	shook	shake	False	False	4112	47640	AMUSE
3	lighted	light	False	False	4113	47643	OTHER_COS
3	stubbed	stub	False	False	4113	47648	HURT
3	broke	break	False	False	4116	47674	APPEAR
4	said	say	False	False	4120	47722	COMMUNICATION
2	said	say	False	False	4128	47799	COMMUNICATION
3	said	say	False	False	4131	47834	COMMUNICATION
0	said	say	False	False	4134	47867	COMMUNICATION
0	are	be	True	False	4134	47884	STATE
3	looking	look	False	False	4144	48012	PERCEPTION
3	is	be	True	False	4145	48030	STATE
3	's	be	False	False	4147	48048	STATE
3	escaped	escape	False	False	4147	48052	ESCAPE
3	seem	seem	False	False	4153	48101	GIVE_IMPRESSION
3	watching	watch	False	False	4160	48141	PERCEPTION
1	said	say	False	False	4213	48501	COMMUNICATION
4	said	say	False	False	4215	48520	COMMUNICATION
4	like	like	False	False	4215	48525	EMOTION
1	rose	rise	False	False	4216	48531	BODY_POSITION
1	said	say	False	False	4217	48534	COMMUNICATION
1	go	go	False	False	4217	48539	MOTION
1	make	make	False	False	4217	48541	CREATION
0	said	say	False	False	4219	48554	COMMUNICATION
0	think	think	False	False	4219	48559	COGNITION
0	make	make	False	False	4219	48575	CREATION
1	stared	star	False	False	4220	48580	CAPTAIN
1	said	say	False	False	4221	48591	COMMUNICATION
10	would	would	False	False	4222	48598	LIKELIHOOD
0	murmured	murmur	False	False	4226	48640	COMMUNICATION
2	switched	switch	False	False	4229	48675	CONVERT
2	come	come	True	False	4229	48683	MOTION
2	said	say	False	False	4230	48687	COMMUNICATION
2	hesitated	hesitate	False	False	4232	48713	LINGER
2	said	say	False	False	4232	48715	COMMUNICATION
2	suppose	suppose	False	False	4232	48728	COGNITION
0	said	say	False	False	4233	48734	COMMUNICATION
0	saw	see	False	False	4233	48747	PERCEPTION
2	went	go	False	False	4234	48756	MOTION
2	came	come	False	False	4236	48768	MOTION
1	felt	feel	False	False	4240	48809	PERCEPTION
1	go	go	False	False	4241	48820	MOTION
1	bathe	bathe	False	False	4241	48825	DRESS
1	got	get	False	False	4242	48836	OBTAINING
1	went	go	False	False	4242	48839	MOTION
1	remembered	remember	False	False	4243	48846	COGNITION
1	came	come	False	False	4243	48848	MOTION
1	got	get	False	False	4243	48851	OBTAINING
1	lighted	light	False	False	4244	48860	OTHER_COS
1	let	let	False	False	4244	48863	ABOUNDING_WITH
1	stuck	stick	False	False	4244	48872	POKE
1	went	go	False	False	4245	48881	MOTION
1	went	go	False	False	4246	48900	MOTION
1	opened	open	False	False	4247	48914	APPEAR
1	halted	halt	False	False	4247	48920	OTHER_COS
1	stood	stand	False	False	4247	48922	BODY_POSITION
1	mistaken	mistake	True	True	4252	48952	
14	be	be	False	False	4258	49039	STATE
14	loved	love	False	False	4258	49048	EMOTION
14	was	be	False	False	4260	49059	STATE
1	made	make	False	False	4262	49074	CREATION
1	was	be	False	False	4265	49102	STATE
1	urged	urge	False	False	4266	49117	URGE
10	imagining	imagine	False	False	4272	49151	CHARACTERIZE
1	heard	hear	False	False	4277	49194	PERCEPTION
1	heard	hear	False	False	4277	49200	PERCEPTION
1	stood	stand	False	False	4278	49209	BODY_POSITION
1	screamed	scream	False	False	4280	49238	MANNER_SPEAKING
1	screamed	scream	False	False	4281	49241	MANNER_SPEAKING
1	screamed	scream	False	False	4281	49243	MANNER_SPEAKING
1	hear	hear	True	False	4282	49260	PERCEPTION
1	was	be	False	False	4283	49287	STATE
1	shuddered	shudder	False	False	4288	49336	BODY_INTERNAL_STATES
1	was	be	False	False	4289	49349	STATE
1	opened	open	False	False	4292	49392	APPEAR
1	raised	raise	False	False	4292	49396	CRANE
1	saw	see	False	False	4293	49401	PERCEPTION
1	taken	take	False	False	4296	49446	OBTAINING
1	began laugh	begin laugh	False	False	4297	49470	ASPECT
1	said	say	False	False	4298	49476	COMMUNICATION
1	smelt	smell	False	False	4303	49548	PERCEPTION
1	was	be	False	False	4304	49552	STATE
1	sat	sit	False	False	4305	49580	BODY_POSITION
1	said	say	False	False	4306	49589	COMMUNICATION
4	stared	star	False	False	4308	49606	CAPTAIN
4	said	say	False	False	4309	49613	COMMUNICATION
4	got	get	False	False	4309	49617	OBTAINING
1	cried	cry	False	False	4310	49624	BREATHE
1	drink	drink	True	False	4310	49630	CONSUMPTION
2	laughed	laugh	False	False	4311	49644	NONVERBAL_EXPRESSION
4	said	say	False	False	4312	49647	COMMUNICATION
10	got	get	False	False	4313	49660	OBTAINING
0	been	be	False	False	4313	49670	STATE
4	get	get	False	False	4314	49680	OBTAINING
4	went	go	False	False	4315	49692	MOTION
1	said	say	False	False	4316	49697	COMMUNICATION
1	'm	be	False	False	4316	49702	STATE
1	have	have	False	False	4317	49709	POSSESSION
3	supported	support	False	False	4318	49715	ADMIRE
1	struggled	struggle	False	False	4318	49719	BATTLE
1	went	go	False	False	4319	49725	MOTION
1	let	let	False	False	4320	49740	ABOUNDING_WITH
1	filled	fill	False	False	4320	49747	CONTIGUOUS_LOCATION
4	said	say	False	False	4321	49752	COMMUNICATION
3	said	say	False	False	4322	49764	COMMUNICATION
0	know	know	False	False	4322	49770	COGNITION
4	said	say	False	False	4323	49774	COMMUNICATION
4	put	put	True	False	4323	49781	PLACEMENT
0	getting	get	False	False	4324	49791	OBTAINING
4	suppose	suppose	False	False	4324	49795	COGNITION
3	said	say	False	False	4325	49799	COMMUNICATION
0	did	do	False	False	4325	49807	ABANDONMENT
10	done	do	False	False	4326	49812	ABANDONMENT
10	tampered	tamper	False	False	4326	49820	
2	came	come	False	False	4327	49831	MOTION
0	are	be	False	False	4330	49865	STATE
1	shuddered	shudder	False	False	4335	49906	BODY_INTERNAL_STATES
3	held	hold	False	False	4336	49910	POSSESSION
2	poured	pour	False	False	4336	49915	POUR
10	drink	drink	False	False	4337	49928	CONSUMPTION
10	had	have	False	False	4338	49936	POSSESSION
1	drank	drink	False	False	4339	49943	CONSUMPTION
2	said	say	False	False	4341	49960	COMMUNICATION
1	said	say	False	False	4342	49982	COMMUNICATION
10	think	think	False	False	4342	49990	COGNITION
2	nodded	nod	False	False	4343	50000	WINK
0	pass	pass	False	False	4344	50006	TRANSFER
3	commit	commit	True	False	4346	50026	CONFINE
3	said	say	False	False	4347	50030	COMMUNICATION
3	picked	pick	False	False	4351	50059	CHEW
4	brought	bring	False	False	4351	50068	TRANSFER
3	dipped	dip	False	False	4352	50071	CALIBRATABLE_COS
3	tasted	taste	False	False	4352	50077	PERCEPTION
3	said	say	False	False	4354	50088	COMMUNICATION
4	stepped	step	False	False	4355	50100	MOTION
4	said	say	False	False	4356	50105	COMMUNICATION
0	saying	say	False	False	4356	50111	COMMUNICATION
4	tampered	tamper	False	False	4356	50114	
4	knock	knock	False	False	4356	50120	BUMP
0	's	be	False	False	4357	50144	STATE
0	came	come	False	False	4360	50165	MOTION
4	said	say	False	False	4361	50172	COMMUNICATION
8	did	do	False	False	4361	50176	ABANDONMENT
10	came	come	False	False	4363	50186	MOTION
3	said	say	False	False	4364	50195	COMMUNICATION
3	thought	think	False	False	4364	50199	COGNITION
0	following	follow	False	False	4364	50202	MOTION
0	bound go	bind go	False	True	4365	50212	FILL
0	's	be	False	False	4366	50221	STATE
2	said	say	False	False	4368	50235	COMMUNICATION
4	cried	cry	False	False	4369	50246	BREATHE
4	started	start	False	False	4370	50257	ASPECT
3	said	say	False	False	4372	50277	COMMUNICATION
0	stayed	stay	False	False	4372	50288	EXIST
3	called	call	False	False	4374	50303	COMMUNICATION
0	are	be	False	False	4374	50313	STATE
3	stopped	stop	False	False	4377	50350	ASPECT
0	silting	silt	False	False	4380	50371	
0	sat	sit	False	False	4382	50406	BODY_POSITION
3	motioned	motion	False	False	4383	50423	DOMAIN
3	walked	walk	False	False	4384	50433	MOTION
3	walked	walk	False	False	4384	50446	MOTION
3	bent	bend	False	False	4385	50453	ASSUMING_POSITION
3	raised	raise	False	False	4386	50470	CRANE
3	raised	raise	False	False	4388	50505	CRANE
3	felt	feel	False	False	4388	50510	PERCEPTION
3	turned	turn	False	False	4389	50517	MOTION
3	said	say	False	False	4390	50523	COMMUNICATION
0	shot	shoot	False	True	4390	50540	OBTAINING
4	said	say	False	False	4392	50545	COMMUNICATION
3	said	say	False	False	4393	50556	COMMUNICATION
1	stooped	stoop	False	False	4395	50576	ASSUMING_POSITION
1	said	say	False	False	4396	50582	COMMUNICATION
1	shook	shake	False	False	4396	50587	AMUSE
4	said	say	False	False	4397	50602	COMMUNICATION
1	whispered	whisper	False	False	4398	50619	COMMUNICATION
2	laughed	laugh	False	False	4399	50636	NONVERBAL_EXPRESSION
0	sit	sit	False	False	4404	50699	BODY_POSITION
13	laugh	laugh	False	False	4406	50718	NONVERBAL_EXPRESSION
13	were	be	False	False	4406	50721	STATE
13	laugh	laugh	False	False	4407	50729	NONVERBAL_EXPRESSION
1	cried	cry	False	False	4409	50741	BREATHE
0	said	say	False	False	4409	50748	COMMUNICATION
0	was	be	False	False	4409	50750	STATE
2	said	say	False	False	4411	50764	COMMUNICATION
2	know	know	False	False	4411	50772	COGNITION
2	did	do	False	False	4411	50774	ABANDONMENT
2	was	be	False	False	4412	50780	STATE
4	said	say	False	False	4417	50837	COMMUNICATION
2	said	say	False	False	4418	50849	COMMUNICATION
1	said	say	False	False	4423	50893	COMMUNICATION
1	eat	eat	True	False	4423	50899	CONSUMPTION
4	said	say	False	False	4426	50921	COMMUNICATION
3	stared	star	False	False	4428	50939	CAPTAIN
3	said	say	False	False	4429	50942	COMMUNICATION
4	nodded	nod	False	False	4430	50960	WINK
3	said	say	False	False	4431	50967	COMMUNICATION
0	's	be	False	False	4432	50973	STATE
3	said	say	False	False	4433	50978	COMMUNICATION
3	wonder	wonder	False	False	4433	50987	COGNITION
2	said	say	False	False	4435	50994	COMMUNICATION
1	murdered	murder	False	True	4437	51031	KILLING
4	said	say	False	False	4439	51053	COMMUNICATION
2	shook	shake	False	False	4440	51067	AMUSE
1	screaming	scream	False	False	4441	51075	MANNER_SPEAKING
2	paused	pause	False	False	4443	51100	LINGER
0	have try	have try	False	False	4445	51115	POSSESSION
4	said	say	False	False	4446	51125	COMMUNICATION
0	will	will	False	False	4446	51130	FUTURE_HAVING
3	said	say	False	False	4449	51150	COMMUNICATION
4	said	say	False	False	4450	51167	COMMUNICATION
4	know	know	False	False	4450	51171	COGNITION
1	said	say	False	False	4451	51176	COMMUNICATION
1	have	have	True	False	4451	51180	POSSESSION
3	said	say	False	False	4452	51189	COMMUNICATION
3	suppose	suppose	False	False	4452	51194	COGNITION
3	know	know	False	False	4452	51197	COGNITION
2	said	say	False	False	4453	51204	COMMUNICATION
2	think	think	False	False	4453	51208	COGNITION
2	got	get	False	False	4453	51211	OBTAINING
1	staggered	stagger	False	False	4455	51230	AMUSE
1	said	say	False	False	4456	51236	COMMUNICATION
1	feel	feel	False	False	4456	51240	PERCEPTION
1	go	go	False	False	4457	51245	MOTION
1	'm	be	False	False	4458	51250	STATE
2	said	say	False	False	4459	51256	COMMUNICATION
4	said	say	False	False	4461	51272	COMMUNICATION
4	've	have	False	False	4461	51276	POSSESSION
3	murmured	murmur	False	False	4462	51284	COMMUNICATION
3	doubt	doubt	False	False	4462	51295	CONJECTURE
4	said	say	False	False	4464	51311	COMMUNICATION
4	wonder	wonder	False	False	4464	51315	COGNITION
2	drew	draw	False	False	4473	51413	FORCE
2	turned	turn	False	False	4473	51420	MOTION
2	strolled	stroll	False	False	4474	51431	MOTION
2	studied	study	False	False	4475	51447	ASSESSMENT
2	said	say	False	False	4476	51453	COMMUNICATION
0	rattled	rattle	False	False	4476	51466	ANIMAL_SOUNDS
2	undressed	undress	False	False	4478	51481	DRESS
2	went	go	False	False	4479	51485	MOTION
2	opened	open	False	False	4480	51505	APPEAR
2	stood	stand	False	False	4481	51513	BODY_POSITION
1	lay	lie	False	False	4483	51533	BODY_POSITION
1	summon	summon	True	False	4485	51549	ARREST
1	was	be	False	False	4486	51558	STATE
1	told	tell	False	False	4487	51566	COMMUNICATION
10	're	be	False	False	4487	51574	STATE
10	locked	lock	False	True	4491	51596	TAPE
10	bolted	bolt	False	True	4491	51598	GOBBLE
1	thought	think	False	False	4493	51612	COGNITION
1	stay	stay	False	False	4494	51621	EXIST
1	stay	stay	False	False	4497	51637	EXIST
1	stay	stay	False	False	4500	51667	EXIST
1	begin think	begin think	False	False	4502	51691	ASPECT
1	said	say	False	False	4502	51706	COMMUNICATION
15	swim	swim	True	False	4504	51728	MOTION
15	can	can	False	False	4505	51735	POCKET
15	know	know	False	False	4506	51738	COGNITION
15	can	can	False	False	4506	51740	POCKET
0	can	can	False	False	4508	51755	POCKET
1	know	know	False	False	4509	51762	COGNITION
15	go	go	False	False	4510	51769	MOTION
0	see	see	False	False	4511	51780	PERCEPTION
1	tell	tell	False	False	4512	51794	COMMUNICATION
0	swim	swim	False	False	4513	51801	MOTION
1	talk	talk	False	False	4514	51809	COMMUNICATION
1	distract	distract	False	False	4514	51817	AMUSE
0	standing	stand	False	False	4515	51834	BODY_POSITION
1	said	say	False	False	4519	51867	COMMUNICATION
14	going	go	False	False	4521	51875	MOTION
14	came	come	False	False	4522	51881	MOTION
15	rescued	rescue	False	True	4525	51907	STEAL
15	say	say	False	False	4526	51917	COMMUNICATION
1	said	say	False	False	4526	51922	COMMUNICATION
15	could	could	False	False	4526	51924	POSSIBILITY
1	brazen	brazen	False	False	4529	51946	
0	tell	tell	False	False	4530	51954	COMMUNICATION
1	said	say	True	False	4531	51966	COMMUNICATION
15	told	tell	False	False	4533	51981	COMMUNICATION
15	was	be	False	False	4534	51985	STATE
15	know	know	False	False	4535	51992	COGNITION
1	pretend swim	pretend swim	False	False	4538	52013	FEIGNING
1	arrive	arrive	False	False	4539	52023	ESCAPE
14	suspected	suspect	False	False	4542	52036	COGNITION
14	looked	look	False	False	4543	52043	PERCEPTION
14	known	know	False	False	4544	52057	COGNITION
14	gone	go	False	False	4545	52064	MOTION
14	answered	answer	True	False	4546	52075	COMMUNICATION
1	written	write	False	False	4546	52081	LECTURE
1	turned	turn	False	False	4548	52090	MOTION
1	think	think	True	False	4549	52102	COGNITION
14	forgotten	forget	False	True	4552	52125	ABANDONMENT
1	felt	feel	False	False	4553	52136	PERCEPTION
14	was	be	False	False	4553	52139	STATE
1	stared	star	False	False	4554	52147	CAPTAIN
1	noticed	notice	True	False	4555	52169	PERCEPTION
1	shivered	shiver	False	False	4557	52183	BODY_INTERNAL_STATES
1	remembered	remember	False	False	4557	52186	COGNITION
1	like	like	True	False	4558	52199	EMOTION
4	sat	sit	False	False	4561	52228	BODY_POSITION
4	was	be	False	False	4563	52257	STATE
4	felt	feel	False	False	4564	52267	PERCEPTION
0	gone	go	False	False	4568	52303	MOTION
4	snorted	snort	False	False	4569	52311	NONVERBAL_EXPRESSION
0	said	say	False	False	4570	52327	COMMUNICATION
0	got	got	False	False	4574	52357	DISCUSSION
4	see	see	False	False	4580	52407	PERCEPTION
4	sat	sit	False	False	4585	52435	BODY_POSITION
4	furrowed	furrow	False	False	4585	52442	BEND
4	pondered	ponder	False	False	4585	52452	COGITATION
4	hear	hear	False	False	4586	52465	PERCEPTION
4	relaxed	relax	False	False	4588	52474	AMUSE
4	lay	lie	False	False	4590	52498	BODY_POSITION
4	been	be	False	False	4591	52519	STATE
4	blew	blow	False	False	4594	52560	CREATION
4	found	find	False	False	4595	52568	OBTAINING
4	seen	see	False	False	4599	52647	PERCEPTION
4	put	put	True	False	4602	52674	PLACEMENT
18	looked	look	False	False	4604	52688	PERCEPTION
4	forgotten	forget	False	False	4608	52715	ABANDONMENT
18	looked	look	False	False	4608	52718	PERCEPTION
4	trying recall	try recall	False	False	4609	52726	ATTEMPT
4	been	be	True	False	4609	52737	STATE
4	seen	see	False	False	4610	52757	PERCEPTION
18	had	have	False	False	4611	52765	POSSESSION
4	wondered	wonder	False	False	4613	52798	COGNITION
4	thought	think	False	False	4617	52828	COGNITION
4	was	be	False	False	4617	52835	STATE
4	understand	understand	True	False	4618	52841	COGNITION
4	sat	sit	False	False	4622	52871	BODY_POSITION
4	heard	hear	False	False	4623	52883	PERCEPTION
4	bet	bet	False	False	4627	52940	BILL
4	dropped	drop	False	False	4628	52953	CALIBRATABLE_COS
4	standing	stand	False	False	4628	52962	BODY_POSITION
4	convinced	convince	False	True	4630	52979	AMUSE
4	was	be	True	False	4630	52982	STATE
4	heard	hear	False	False	4631	52988	PERCEPTION
4	knew	know	False	False	4633	53005	COGNITION
4	listened	listen	False	False	4635	53021	PEER
4	repeated	repeat	True	False	4635	53028	COMMUNICATION
4	wanted go	want go	False	False	4637	53039	DESIRE
4	see	see	False	False	4638	53053	PERCEPTION
10	waiting	wait	False	False	4640	53085	EXIST
4	hear	hear	False	False	4641	53095	PERCEPTION
4	stood	stand	False	False	4642	53110	BODY_POSITION
4	hear	hear	False	False	4643	53117	PERCEPTION
4	knew	know	False	False	4643	53134	COGNITION
4	heard	hear	False	False	4644	53153	PERCEPTION
4	listening	listen	False	False	4645	53182	PEER
4	made	make	False	False	4648	53225	CREATION
4	meant see	mean see	False	False	4649	53231	CONJECTURE
37	going	go	False	False	4651	53254	MOTION
4	acted	act	False	False	4652	53258	MASQUERADE
4	acted	act	False	False	4652	53261	MASQUERADE
4	looked	look	False	False	4652	53270	PERCEPTION
4	tiptoed	tiptoe	False	False	4653	53277	MOTION
4	slipped	slip	False	False	4653	53283	TRANSFER
4	detached	detach	False	False	4653	53289	DISASSEMBLE
4	picked	pick	False	False	4653	53301	CHEW
4	sprinted	sprint	False	False	4655	53326	SELF_MOTION
4	removed	remove	False	False	4655	53332	BANISH
4	stepped	step	False	False	4656	53350	MOTION
4	ran	run	False	False	4657	53367	MOTION
4	realized	realize	False	False	4658	53384	COGNITION
4	heard	hear	False	False	4658	53390	PERCEPTION
4	had	have	False	False	4661	53428	POSSESSION
4	paused	pause	False	False	4662	53455	LINGER
4	made	make	False	False	4663	53463	CREATION
4	went	go	False	False	4668	53536	MOTION
4	paused	pause	False	False	4669	53544	LINGER
4	tapped	tap	False	False	4669	53552	CONTACT
4	waited	wait	False	False	4671	53560	EXIST
4	think	think	True	False	4675	53594	COGNITION
3	is	be	False	False	4675	53596	STATE
4	went	go	False	False	4677	53607	MOTION
4	tapped	tap	False	False	4678	53621	CONTACT
4	come	come	False	False	4685	53667	MOTION
4	raced	race	False	False	4686	53672	MOTION
4	did	do	False	False	4687	53684	ABANDONMENT
2	stood	stand	False	False	4688	53688	BODY_POSITION
2	held	hold	False	False	4689	53692	POSSESSION
2	pulled	pull	False	False	4690	53702	CONTACT
2	said	say	False	False	4692	53723	COMMUNICATION
4	explained	explain	False	False	4693	53736	COMMUNICATION
4	's	be	False	False	4696	53752	STATE
2	moved	move	False	False	4697	53758	MOTION
2	take	take	True	False	4698	53774	OBTAINING
2	rapped	rap	False	False	4699	53781	CHIT_CHAT
2	dropped	drop	False	False	4702	53799	CALIBRATABLE_COS
2	peered	peer	False	False	4702	53804	PEER
2	inserted	insert	False	False	4703	53812	PLACEMENT
2	said	say	False	False	4704	53822	COMMUNICATION
4	said	say	False	False	4705	53837	COMMUNICATION
3	locked	lock	False	False	4705	53843	TAPE
3	took	take	False	False	4705	53849	OBTAINING
2	nodded	nod	False	False	4706	53856	WINK
2	raced	race	False	False	4710	53886	MOTION
3	's	be	False	False	4714	53908	STATE
0	do	do	False	False	4715	53916	ABANDONMENT
1	understand	understand	False	False	4717	53931	COGNITION
3	comes	come	False	False	4718	53937	MOTION
3	says	say	False	False	4718	53940	COMMUNICATION
3	killed	kill	False	False	4718	53951	KILLING
3	pay	pay	False	False	4718	53953	PAY
4	speak	speak	False	False	4720	53968	COMMUNICATION
1	said	say	False	False	4722	53977	COMMUNICATION
1	'm	be	True	False	4723	53983	STATE
2	said	say	False	False	4724	53991	COMMUNICATION
2	joined	join	False	False	4725	53998	SOCIAL
2	said	say	False	False	4726	54002	COMMUNICATION
4	said	say	False	False	4728	54018	COMMUNICATION
3	got	get	False	True	4729	54029	OBTAINING
2	raced	race	False	False	4730	54038	MOTION
2	said	say	False	False	4731	54045	COMMUNICATION
0	're	be	False	False	4731	54052	STATE
2	undid	undo	False	False	4732	54057	DESTROY
2	get	get	False	False	4732	54073	OBTAINING
2	went	go	False	False	4733	54080	MOTION
2	got	get	False	False	4733	54086	OBTAINING
2	took	take	False	False	4734	54092	OBTAINING
2	spoke	speak	False	False	4734	54101	COMMUNICATION
4	stopped	stop	False	False	4736	54115	ASPECT
2	saw	see	False	False	4738	54127	PERCEPTION
2	said	say	False	False	4739	54131	COMMUNICATION
2	going shoot	go shoot	True	False	4740	54147	MOTION
0	like	like	False	False	4741	54160	EMOTION
2	'm	be	False	False	4742	54163	STATE
2	started	start	False	False	4743	54170	ASPECT
4	followed	follow	False	False	4744	54184	MOTION
4	thought	think	False	False	4745	54188	COGNITION
4	suppose	suppose	False	False	4745	54194	COGNITION
4	asking	ask	False	False	4745	54197	COMMUNICATION
4	tackled	tackle	False	False	4747	54212	FIREFIGHTING
4	lacked	lack	False	False	4748	54223	BODY_DESCRIPTION_PART
4	lack	lack	True	False	4748	54228	BODY_DESCRIPTION_PART
4	tackle	tackle	False	False	4749	54238	FIREFIGHTING
4	was	be	True	False	4750	54243	STATE
1	got	get	False	False	4752	54273	OBTAINING
1	dressed	dress	False	False	4752	54276	DRESS
1	glanced	glance	False	False	4753	54279	PEER
3	was	be	True	False	4758	54327	STATE
1	were	be	False	False	4759	54336	STATE
1	employ	employ	False	False	4759	54348	BEING_EMPLOYED
1	amused	amuse	False	False	4760	54354	AMUSE
3	employ	employ	False	False	4760	54363	BEING_EMPLOYED
3	announce	announce	False	False	4761	54373	COMMUNICATION
3	pretend wounded	pretend wound	False	False	4762	54388	FEIGNING
3	drag	drag	False	False	4762	54396	CARRY
3	groaning	groan	False	False	4762	54398	ANIMAL_SOUNDS
3	inform	inform	False	False	4764	54410	ADVISE
3	set	set	False	False	4765	54424	PLACEMENT
3	set	set	False	False	4767	54461	PLACEMENT
1	remain	remain	False	False	4768	54474	EXIST
1	crossed	cross	False	False	4769	54486	MOTION
1	sat	sit	False	False	4773	54521	BODY_POSITION
1	began write	begin write	False	False	4773	54528	ASPECT
1	stiffened	stiffen	False	False	4775	54547	OTHER_COS
1	heard	hear	False	False	4776	54553	PERCEPTION
1	thought	think	False	False	4777	54561	COGNITION
1	listened	listen	False	False	4779	54577	PEER
1	repeated	repeat	True	False	4779	54585	COMMUNICATION
1	heard	hear	False	False	4780	54588	PERCEPTION
1	thought	think	False	False	4780	54591	COGNITION
1	was	be	False	False	4780	54612	STATE
1	concluded	conclude	False	False	4780	54618	ACTIVITY_FINISH
1	heard	hear	False	False	4780	54593	PERCEPTION
4	done	do	False	False	4780	54623	ABANDONMENT
1	heard	hear	False	False	4781	54640	PERCEPTION
0	let	let	False	False	4790	54725	ABOUNDING_WITH
1	went	go	False	False	4791	54731	MOTION
1	removed	remove	False	False	4792	54737	BANISH
1	unlocked	unlock	False	False	4792	54741	DISASSEMBLE
1	slid	slide	False	False	4792	54745	ROLL
1	opened	open	False	False	4793	54751	APPEAR
1	said	say	False	False	4795	54775	COMMUNICATION
2	said	say	False	False	4796	54785	COMMUNICATION
1	cried	cry	False	False	4798	54799	BREATHE
2	said	say	False	False	4799	54806	COMMUNICATION
4	concurred	concur	False	False	4800	54817	CORRESPOND
1	said	say	False	False	4802	54835	COMMUNICATION
4	said	say	False	False	4804	54848	COMMUNICATION
4	tell	tell	False	False	4805	54858	COMMUNICATION
1	said	say	False	False	4810	54900	COMMUNICATION
4	said	say	False	False	4811	54912	COMMUNICATION
10	heard	hear	False	False	4813	54930	PERCEPTION
4	tell	tell	False	False	4814	54939	COMMUNICATION
1	said	say	False	False	4817	54954	COMMUNICATION
1	believe	believe	True	False	4817	54961	COGNITION
2	said	say	False	False	4818	54966	COMMUNICATION
2	said	say	False	False	4830	55118	COMMUNICATION
2	hope	hope	False	False	4831	55153	DESIRE
1	said	say	False	False	4833	55187	COMMUNICATION
2	said	say	False	False	4836	55214	COMMUNICATION
2	gone	go	True	False	4836	55229	MOTION
1	cried	cry	False	False	4839	55254	BREATHE
2	shrugged	shrug	False	False	4840	55265	WINK
2	think	think	False	False	4842	55285	COGNITION
4	cleared	clear	False	False	4844	55302	CLEAR
4	said	say	False	False	4845	55307	COMMUNICATION
2	said	say	False	False	4847	55327	COMMUNICATION
3	got	get	False	False	4849	55358	OBTAINING
1	said	say	False	False	4850	55364	COMMUNICATION
4	said	say	False	False	4851	55379	COMMUNICATION
2	shook	shake	False	False	4852	55386	AMUSE
2	said	say	False	False	4853	55391	COMMUNICATION
4	said	say	False	False	4854	55406	COMMUNICATION
2	said	say	False	False	4855	55421	COMMUNICATION
10	saw	see	False	False	4858	55433	PERCEPTION
3	go	go	False	False	4858	55435	MOTION
10	come	come	False	False	4859	55443	MOTION
10	find	find	False	False	4859	55446	OBTAINING
3	had	have	False	False	4861	55462	POSSESSION
4	said	say	False	False	4862	55478	COMMUNICATION
4	know	know	True	False	4862	55484	COGNITION
4	know	know	False	False	4863	55489	COGNITION
2	said	say	False	False	4864	55495	COMMUNICATION
4	said	say	False	False	4865	55504	COMMUNICATION
0	hidden	hide	False	False	4870	55556	CONCEALMENT
0	took	take	False	False	4871	55566	OBTAINING
2	swear	swear	False	False	4872	55578	CONJECTURE
2	had	have	False	False	4873	55594	POSSESSION
2	found	find	False	False	4873	55600	OBTAINING
4	said	say	False	False	4874	55606	COMMUNICATION
10	ask believe	ask believe	False	False	4874	55610	COMMUNICATION
2	raised	raise	False	False	4876	55639	CRANE
2	have	have	True	False	4877	55646	POSSESSION
4	agreed	agree	False	False	4881	55673	SOCIAL
10	thought	think	False	False	4883	55685	COGNITION
4	telling	tell	False	False	4884	55698	COMMUNICATION
4	look	look	True	False	4885	55711	PERCEPTION
2	said	say	False	False	4886	55719	COMMUNICATION
10	would	would	True	False	4886	55723	LIKELIHOOD
4	said	say	False	False	4887	55728	COMMUNICATION
0	're	be	False	False	4887	55739	STATE
0	pretend	pretend	False	False	4887	55746	FEIGNING
2	murmured	murmur	False	False	4888	55752	COMMUNICATION
2	lay	lay	False	False	4888	55758	PLACEMENT
2	said	say	True	False	4889	55772	COMMUNICATION
4	went	go	False	False	4890	55777	MOTION
0	speaking	speak	False	False	4890	55785	COMMUNICATION
0	have	have	False	False	4891	55802	POSSESSION
1	are	be	False	False	4891	55810	STATE
0	hold	hold	False	False	4892	55838	POSSESSION
2	lit	light	False	False	4893	55847	OTHER_COS
2	puffed	puff	False	False	4894	55853	SUBSTANCE_EMISSION
2	said	say	False	False	4894	55857	COMMUNICATION
10	agree	agree	True	False	4895	55871	SOCIAL
2	wo	will	True	False	4896	55880	FUTURE_HAVING
2	need	need	False	False	4898	55889	ORDER
2	going keep	go keep	False	False	4898	55898	MOTION
4	said	say	False	False	4899	55905	COMMUNICATION
4	'm	be	False	False	4900	55924	STATE
0	damned	damn	False	False	4901	55931	JUDGEMENT
4	ask	ask	False	False	4902	55938	COMMUNICATION
4	pot	pot	True	False	4902	55950	POCKET
4	have	have	False	False	4903	55960	POSSESSION
4	shook	shake	False	False	4904	55969	AMUSE
4	said	say	False	False	4905	55974	COMMUNICATION
4	know	know	True	False	4905	55980	COGNITION
4	's	be	False	False	4905	55984	STATE
10	had	have	False	False	4906	55991	POSSESSION
1	taken	take	False	False	4907	55998	OBTAINING
1	stirred	stir	False	False	4908	56006	AMUSE
1	said	say	False	False	4908	56009	COMMUNICATION
1	think	think	False	False	4908	56013	COGNITION
2	looked	look	False	False	4909	56026	PERCEPTION
1	said	say	False	False	4911	56037	COMMUNICATION
10	forgotten	forget	False	False	4911	56042	ABANDONMENT
0	see	see	True	False	4912	56050	PERCEPTION
1	recited	recite	False	False	4913	56059	PERFORMANCE
1	went	go	False	False	4914	56088	MOTION
3	took make	take make	False	False	4916	56109	OBTAINING
0	think	think	False	False	4916	56117	COGNITION
3	was	be	False	False	4916	56119	STATE
10	say	say	False	False	4917	56123	COMMUNICATION
0	like	like	False	False	4917	56126	EMOTION
2	sat	sit	False	False	4919	56149	BODY_POSITION
2	said	say	False	False	4920	56154	COMMUNICATION
10	know	know	False	False	4920	56158	COGNITION
0	be	be	False	False	4920	56162	STATE
4	said	say	False	False	4921	56167	COMMUNICATION
3	is	be	False	False	4921	56177	STATE
1	said	say	False	False	4924	56192	COMMUNICATION
2	murmured	murmur	False	False	4926	56223	COMMUNICATION
1	said	say	False	False	4927	56246	COMMUNICATION
1	care	care	True	False	4927	56252	CARE
1	'm	be	False	False	4927	56257	STATE
4	murmured giving	murmur give	False	False	4928	56262	COMMUNICATION
3	written	write	False	False	4930	56286	LECTURE
1	cried	cry	False	False	4931	56295	BREATHE
3	's	be	False	False	4931	56305	STATE
0	see	see	True	False	4931	56302	PERCEPTION
8	chopping	chop	False	False	4934	56334	CARVE
4	said	say	False	False	4937	56375	COMMUNICATION
0	're	be	False	False	4937	56381	STATE
4	thought	think	False	False	4938	56386	COGNITION
3	have	have	False	False	4940	56404	POSSESSION
1	cried	cry	False	False	4941	56415	BREATHE
0	see	see	True	False	4941	56421	PERCEPTION
1	looked	look	False	False	4954	56530	PERCEPTION
1	said	say	False	False	4955	56542	COMMUNICATION
2	said	say	False	False	4957	56579	COMMUNICATION
1	said	say	False	False	4959	56610	COMMUNICATION
4	said Have pass	say have pass	False	False	4960	56620	COMMUNICATION
1	shuddered	shudder	False	False	4962	56643	BODY_INTERNAL_STATES
1	bear	bear	True	False	4962	56649	ADMIRE
1	go	go	True	False	4963	56655	MOTION
2	said	say	False	False	4964	56662	COMMUNICATION
10	be	be	False	False	4964	56667	STATE
1	murmured	murmur	False	False	4965	56678	COMMUNICATION
1	suppose	suppose	False	False	4965	56682	COGNITION
1	stretched	stretch	False	False	4966	56687	CRANE
1	thought	think	False	False	4967	56708	COGNITION
1	'm	be	False	False	4968	56716	STATE
1	suppose	suppose	False	False	4969	56723	COGNITION
1	'm	be	False	False	4969	56725	STATE
1	feel	feel	False	False	4972	56746	PERCEPTION
1	feel	feel	False	False	4972	56752	PERCEPTION
1	die	die	True	False	4972	56757	DEATH
4	looking	look	False	False	4973	56763	PERCEPTION
4	said	say	False	False	4974	56771	COMMUNICATION
1	said	say	False	False	4976	56785	COMMUNICATION
1	going	go	True	False	4976	56792	MOTION
1	going stay	go stay	False	False	4977	56800	MOTION
0	know	know	False	False	4979	56827	COGNITION
1	said	say	False	False	4980	56831	COMMUNICATION
1	be	be	False	False	4980	56844	STATE
1	see	see	False	False	4980	56837	PERCEPTION
1	want	want	True	False	4981	56850	DESIRE
4	said	say	False	False	4983	56871	COMMUNICATION
4	need	need	False	False	4983	56877	ORDER
2	said	say	False	False	4985	56891	COMMUNICATION
2	relish	relish	True	False	4985	56900	ADMIRE
10	know	know	False	False	4985	56895	COGNITION
2	stay	stay	False	False	4986	56910	EXIST
4	hesitated	hesitate	False	False	4987	56918	LINGER
1	said	say	False	False	4988	56921	COMMUNICATION
1	be	be	False	False	4988	56926	STATE
1	think	think	True	False	4989	56934	COGNITION
2	shoot	shoot	False	False	4989	56937	OBTAINING
0	're	be	False	False	4989	56951	STATE
4	said	say	False	False	4990	56957	COMMUNICATION
0	say	say	False	False	4990	56966	COMMUNICATION
2	said	say	False	False	4992	56980	COMMUNICATION
10	're	be	False	False	4992	56984	STATE
2	come	come	False	False	4993	56999	MOTION
0	like	like	False	False	4993	57004	EMOTION
4	said	say	False	False	4994	57015	COMMUNICATION
0	wo	will	True	False	4994	57011	FUTURE_HAVING
10	stay	stay	False	False	4995	57021	EXIST
2	laughed	laugh	False	False	4996	57026	NONVERBAL_EXPRESSION
0	're	be	False	False	4997	57031	STATE
2	shoot	shoot	False	False	4998	57041	OBTAINING
2	liked	like	False	False	4998	57049	EMOTION
4	said	say	False	False	4999	57053	COMMUNICATION
4	be	be	True	False	4999	57062	STATE
2	said	say	False	False	5001	57091	COMMUNICATION
0	seem know	seem know	False	False	5001	57096	GIVE_IMPRESSION
4	said	say	False	False	5002	57109	COMMUNICATION
2	said	say	False	False	5003	57129	COMMUNICATION
2	lend	lend	False	False	5003	57138	TRANSFER
2	will	will	True	False	5004	57148	FUTURE_HAVING
4	shrugged	shrug	False	False	5006	57163	WINK
4	began make	begin make	False	False	5006	57167	ASPECT
2	said	say	False	False	5007	57181	COMMUNICATION
1	said	say	False	False	5009	57202	COMMUNICATION
4	doing	do	False	False	5009	57215	ABANDONMENT
0	mean	mean	False	False	5010	57223	CONJECTURE
1	think	think	True	False	5010	57230	COGNITION
0	know	know	False	False	5011	57240	COGNITION
4	is	be	False	False	5011	57245	STATE
4	's	be	False	False	5012	57255	STATE
3	be	be	False	False	5013	57272	STATE
1	know	know	False	False	5014	57278	COGNITION
3	's	be	True	False	5014	57280	STATE
2	said	say	False	False	5016	57296	COMMUNICATION
0	think	think	False	False	5017	57311	COGNITION
10	heard	hear	False	False	5018	57323	PERCEPTION
10	got admit	get admit	False	False	5019	57330	OBTAINING
2	had	have	True	False	5019	57344	POSSESSION
4	heard	hear	False	False	5022	57374	PERCEPTION
4	saw	see	False	False	5022	57377	PERCEPTION
4	rid	rid	False	True	5024	57401	CHEAT
2	shrugged	shrug	False	False	5026	57417	WINK
0	ask	ask	False	False	5028	57431	COMMUNICATION
4	be	be	False	False	5032	57472	STATE
4	done	do	False	False	5034	57498	ABANDONMENT
1	gone	go	False	False	5035	57508	MOTION
1	said	say	False	False	5036	57513	COMMUNICATION
4	gets	get	False	False	5036	57524	OBTAINING
2	said	say	False	False	5037	57530	COMMUNICATION
2	going take	go take	False	False	5037	57543	MOTION
4	does	do	True	False	5037	57550	ABANDONMENT
2	looked	look	False	False	5038	57556	PERCEPTION
2	shoot	shoot	True	False	5040	57578	OBTAINING
1	said	say	False	False	5041	57583	COMMUNICATION
1	think	think	False	False	5042	57601	COGNITION
0	're	be	False	False	5042	57603	STATE
1	think	think	False	False	5043	57610	COGNITION
1	turned	turn	False	False	5044	57617	MOTION
0	feel	feel	True	False	5045	57626	PERCEPTION
2	said	say	False	False	5047	57646	COMMUNICATION
1	said	say	False	False	5048	57657	COMMUNICATION
0	felt	feel	False	False	5048	57664	PERCEPTION
1	shivered	shiver	False	False	5049	57669	BODY_INTERNAL_STATES
1	bent	bent	False	False	5050	57672	BEING_OBLIGATORY
0	think	think	True	False	5051	57684	COGNITION
1	broke	break	False	False	5052	57690	APPEAR
1	went	go	False	False	5052	57693	MOTION
1	read	read	False	False	5052	57698	DISCOVER
2	raised	raise	False	False	5055	57741	CRANE
2	said	say	False	False	5056	57746	COMMUNICATION
2	believe	believe	True	False	5057	57759	COGNITION
1	said	say	False	False	5059	57772	COMMUNICATION
2	looked	look	False	False	5060	57788	PERCEPTION
2	said	say	False	False	5061	57793	COMMUNICATION
2	said	say	False	False	5062	57808	COMMUNICATION
0	drown	drown	False	False	5062	57816	DEATH
1	said	say	False	False	5063	57824	COMMUNICATION
1	did	do	True	False	5063	57829	ABANDONMENT
1	did	do	True	False	5064	57833	ABANDONMENT
10	've	have	False	False	5065	57837	POSSESSION
2	laughed	laugh	False	False	5066	57846	NONVERBAL_EXPRESSION
0	did	do	False	False	5067	57855	ABANDONMENT
2	know	know	True	False	5068	57864	COGNITION
1	said	say	False	False	5073	57901	COMMUNICATION
2	said	say	False	False	5074	57920	COMMUNICATION
2	wanted know	want know	False	False	5075	57930	DESIRE
1	sat	sit	False	False	5076	57937	BODY_POSITION
1	exclaimed	exclaim	False	False	5077	57942	COMMUNICATION
2	said	say	False	False	5079	57957	COMMUNICATION
2	thought	think	False	False	5081	57976	COGNITION
0	hear	hear	False	False	5081	57980	PERCEPTION
1	did	do	False	False	5082	57987	ABANDONMENT
2	said	say	False	False	5084	57998	COMMUNICATION
2	going	go	True	False	5086	58023	MOTION
2	am	be	False	False	5088	58031	STATE
1	said	say	False	False	5089	58035	COMMUNICATION
1	come	come	False	False	5090	58044	MOTION
4	eagled	eagle	False	True	5095	58102	
2	looked	look	False	False	5096	58126	PERCEPTION
2	said	say	False	False	5097	58130	COMMUNICATION
1	said	say	False	False	5098	58142	COMMUNICATION
1	remember	remember	False	False	5099	58164	COGNITION
1	repeated	repeat	False	False	5101	58177	COMMUNICATION
1	shook	shake	False	False	5101	58181	AMUSE
1	quavered	quaver	False	False	5101	58183	MANNER_SPEAKING
2	grasped	grasp	False	False	5103	58200	POSSESSION
2	said	say	False	False	5104	58205	COMMUNICATION
2	was	be	False	False	5104	58210	STATE
3	is	be	False	False	5105	58221	STATE
2	going get	go get	False	False	5106	58231	MOTION
1	cried	cry	False	False	5108	58244	BREATHE
3	wants	want	False	False	5111	58263	DESIRE
3	counting	count	False	False	5112	58272	MASQUERADE
2	stopped	stop	False	False	5113	58278	ASPECT
2	said	say	False	False	5114	58281	COMMUNICATION
1	cried	cry	False	False	5115	58293	BREATHE
0	admit	admit	False	False	5115	58302	ADMIT
1	was	be	False	False	5115	58305	STATE
2	nodded	nod	False	False	5116	58310	WINK
0	win	win	False	False	5117	58316	OBTAINING
3	hide	hide	False	False	5119	58330	CONCEALMENT
1	said	say	False	False	5121	58347	COMMUNICATION
0	find	find	True	False	5121	58363	OBTAINING
0	find	find	True	False	5121	58355	OBTAINING
2	said	say	False	False	5123	58376	COMMUNICATION
3	prepared	prepare	False	False	5124	58391	PREPARING
3	do	do	False	False	5124	58407	ABANDONMENT
10	know	know	False	False	5125	58410	COGNITION
3	had	have	False	False	5127	58439	POSSESSION
2	shook	shake	False	False	5128	58446	AMUSE
2	said	say	False	False	5129	58451	COMMUNICATION
2	swear	swear	False	False	5130	58465	CONJECTURE
1	said	say	False	False	5131	58475	COMMUNICATION
2	said	say	False	False	5132	58485	COMMUNICATION
2	like see	like see	False	False	5132	58490	EMOTION
1	cried	cry	False	False	5133	58498	BREATHE
0	like see	like see	False	False	5133	58505	EMOTION
3	knows	know	False	False	5134	58511	COGNITION
3	's	be	False	False	5135	58515	STATE
2	said	say	False	False	5136	58525	COMMUNICATION
2	got	get	False	False	5136	58539	OBTAINING
0	know	know	False	False	5136	58543	COGNITION
10	said	say	False	False	5137	58548	COMMUNICATION
4	was	be	False	False	5137	58550	STATE
4	was	be	False	False	5137	58556	STATE
4	was	be	False	False	5138	58566	STATE
4	was	be	False	False	5138	58571	STATE
0	seem realize	seem realize	True	False	5139	58582	GIVE_IMPRESSION
3	is	be	False	False	5139	58588	STATE
3	's	be	False	False	5141	58603	STATE
2	put	put	False	False	5142	58616	PLACEMENT
2	said	say	False	False	5143	58625	COMMUNICATION
2	said	say	False	False	5145	58639	COMMUNICATION
1	answer	answer	True	False	5146	58658	COMMUNICATION
2	went	go	False	False	5147	58661	MOTION
10	thought	think	True	False	5147	58669	COGNITION
1	said	say	False	False	5148	58675	COMMUNICATION
1	'm	be	False	False	5149	58690	STATE
2	said	say	False	False	5150	58697	COMMUNICATION
2	shoot	shoot	False	False	5157	58760	OBTAINING
2	paused	pause	False	False	5158	58764	LINGER
10	be	be	False	False	5158	58769	STATE
1	said	say	False	False	5159	58781	COMMUNICATION
1	be	be	False	False	5160	58792	STATE
1	were	be	False	False	5160	58796	STATE
2	said	say	False	False	5161	58802	COMMUNICATION
1	moved	move	False	False	5162	58815	MOTION
1	said	say	False	False	5163	58819	COMMUNICATION
1	go	go	False	False	5163	58824	MOTION
1	sit	sit	False	False	5163	58828	BODY_POSITION
1	said	say	False	False	5170	58885	COMMUNICATION
2	looking	look	False	False	5171	58907	PERCEPTION
2	said	say	False	False	5172	58914	COMMUNICATION
10	see	see	False	False	5173	58925	PERCEPTION
1	stared	star	False	False	5175	58943	CAPTAIN
1	said	say	False	False	5176	58946	COMMUNICATION
2	laughed	laugh	False	False	5177	58965	NONVERBAL_EXPRESSION
2	suppose	suppose	False	False	5179	58971	COGNITION
1	said	say	False	False	5180	58979	COMMUNICATION
1	stopped	stop	False	False	5187	59031	ASPECT
1	said	say	False	False	5188	59035	COMMUNICATION
2	reached	reach	False	False	5190	59071	OBTAINING
2	said	say	False	False	5193	59094	COMMUNICATION
2	laughed	laugh	False	False	5203	59185	NONVERBAL_EXPRESSION
2	said	say	False	False	5204	59188	COMMUNICATION
1	said	say	False	False	5205	59203	COMMUNICATION
2	said	say	False	False	5207	59235	COMMUNICATION
1	said	say	False	False	5209	59253	COMMUNICATION
2	shrugged	shrug	False	False	5210	59270	WINK
1	thought	think	False	False	5213	59295	COGNITION
1	see	see	True	False	5213	59302	PERCEPTION
2	said	say	False	False	5217	59330	COMMUNICATION
2	understand	understand	False	False	5217	59350	COGNITION
1	said	say	False	False	5220	59369	COMMUNICATION
1	understand	understand	False	False	5220	59374	COGNITION
1	stared	star	False	False	5221	59379	CAPTAIN
6	stared	star	False	False	5222	59387	CAPTAIN
6	said	say	False	False	5224	59407	COMMUNICATION
6	said	say	False	False	5225	59419	COMMUNICATION
1	looked	look	False	False	5228	59450	PERCEPTION
1	said	say	False	False	5229	59458	COMMUNICATION
2	said	say	False	False	5231	59471	COMMUNICATION
1	said	say	False	False	5233	59483	COMMUNICATION
0	Have	have	True	False	5234	59489	POSSESSION
2	said	say	False	False	5235	59497	COMMUNICATION
2	've	have	False	False	5235	59501	POSSESSION
1	looked	look	False	False	5237	59514	PERCEPTION
1	said	say	False	False	5238	59522	COMMUNICATION
1	suppose	suppose	False	False	5240	59546	COGNITION
1	'm	be	False	False	5242	59557	STATE
3	stay	stay	False	False	5242	59561	EXIST
3	is	be	False	False	5242	59564	STATE
1	said	say	False	False	5243	59568	COMMUNICATION
2	laughed	laugh	False	False	5244	59588	NONVERBAL_EXPRESSION
2	said	say	False	False	5245	59591	COMMUNICATION
0	like	like	False	False	5245	59596	EMOTION
1	leaned	lean	False	False	5247	59608	ASSUMING_POSITION
1	pulled	pull	False	False	5248	59616	CONTACT
1	tugged	tug	False	False	5248	59618	CARRY
2	panted	pant	False	False	5249	59625	HICCUP
2	said	say	False	False	5251	59652	COMMUNICATION
2	straightened	straighten	False	False	5251	59655	OTHER_COS
1	said	say	False	False	5252	59663	COMMUNICATION
2	spun	spin	False	False	5254	59675	CREATION
2	clapped	clap	False	False	5255	59681	SOUND_EMISSION
2	knew	know	False	False	5255	59688	COGNITION
2	find	find	False	False	5255	59692	OBTAINING
1	moved	move	False	False	5256	59698	MOTION
1	facing	face	False	False	5256	59705	FILL
2	said	say	False	False	5257	59713	COMMUNICATION
10	wanted pick	want pick	False	False	5258	59727	DESIRE
1	nodded	nod	False	False	5259	59735	WINK
1	held	hold	False	False	5260	59738	POSSESSION
2	knew	know	False	False	5262	59758	COGNITION
2	beaten	beat	True	True	5263	59767	CRANE
2	said	say	False	False	5264	59771	COMMUNICATION
1	laughed	laugh	False	False	5265	59783	NONVERBAL_EXPRESSION
2	said	say	False	False	5266	59786	COMMUNICATION
2	took	take	False	False	5270	59836	OBTAINING
2	spoke	speak	False	False	5271	59841	COMMUNICATION
0	listen	listen	False	False	5272	59857	PEER
2	sprang	spring	False	False	5273	59865	CALENDRIC_UNIT
1	pressed	press	False	False	5275	59881	FORCE
1	came	come	False	False	5277	59905	MOTION
2	was	be	False	False	5279	59926	STATE
1	was	be	False	False	5284	59968	STATE
1	was	be	False	False	5288	59989	STATE
1	sat	sit	False	False	5289	59994	BODY_POSITION
1	moved	move	False	False	5292	60020	MOTION
1	realized	realize	False	False	5295	60048	COGNITION
1	was	be	False	False	5295	60052	STATE
1	wanted throw	want throw	False	False	5297	60061	DESIRE
1	mind	mind	True	False	5298	60092	CARE
1	mind staying	mind stay	True	False	5299	60097	CARE
1	was	be	False	False	5300	60105	STATE
1	got	get	False	False	5303	60118	OBTAINING
1	glanced	glance	False	False	5303	60123	PEER
1	been	be	True	False	5307	60165	STATE
1	conquered	conquer	False	False	5310	60194	CONQUERING
1	turned	turn	False	False	5311	60214	MOTION
1	began walk	begin walk	False	False	5312	60225	ASPECT
1	thought	think	False	False	5315	60258	COGNITION
1	was	be	False	False	5316	60274	STATE
1	was	be	False	False	5321	60311	STATE
1	smiled	smile	False	False	5323	60326	NONVERBAL_EXPRESSION
1	went	go	False	False	5324	60331	MOTION
1	thought	think	False	False	5326	60348	COGNITION
1	go	go	False	False	5327	60372	MOTION
1	get	get	False	False	5327	60376	OBTAINING
1	hesitated	hesitate	False	False	5328	60383	LINGER
1	was	be	False	False	5329	60393	STATE
1	paused	pause	False	False	5330	60400	LINGER
1	laughed	laugh	False	False	5332	60423	NONVERBAL_EXPRESSION
1	said	say	False	False	5333	60426	COMMUNICATION
10	're	be	False	False	5333	60430	STATE
1	picked	pick	False	False	5334	60440	CHEW
1	tossed	toss	False	False	5334	60446	CRANE
1	heard	hear	False	False	5335	60454	PERCEPTION
1	picked	pick	False	False	5336	60469	CHEW
1	held	hold	False	False	5336	60472	POSSESSION
1	said	say	False	False	5337	60478	COMMUNICATION
10	come	come	False	False	5337	60483	MOTION
1	got	get	False	False	5348	60572	OBTAINING
14	was	be	False	False	5348	60578	STATE
14	was	be	False	False	5350	60590	STATE
1	said	say	False	False	5351	60597	COMMUNICATION
10	're	be	False	False	5352	60609	STATE
0	imagining	imagine	False	False	5352	60615	CHARACTERIZE
1	notice	notice	True	False	5356	60653	PERCEPTION
1	dropped	drop	False	False	5356	60657	CALIBRATABLE_COS
1	was	be	False	False	5357	60662	STATE
1	come	come	False	False	5364	60731	MOTION
14	waiting	wait	False	False	5365	60742	EXIST
1	was	be	False	False	5365	60748	STATE
1	opened	open	False	False	5366	60755	APPEAR
1	gave	give	False	False	5367	60761	TRANSFER
14	wanted	want	False	False	5372	60806	DESIRE
14	went	go	False	False	5374	60823	MOTION
14	hanged	hang	False	False	5374	60825	ASSUMING_POSITION
14	were	be	False	False	5374	60830	STATE
1	moved	move	False	False	5377	60856	MOTION
10	go	go	False	False	5379	60887	MOTION
0	went	go	False	False	5381	60910	MOTION
1	climbed	climb	False	False	5382	60916	CALIBRATABLE_COS
1	adjusted	adjust	False	False	5384	60936	ADJUSTING
14	was	be	False	False	5385	60944	STATE
1	did	do	False	False	5385	60949	ABANDONMENT
1	had do	have do	False	False	5385	60952	POSSESSION
1	kicked	kick	False	False	5386	60957	BODY_INTERNAL_MOTION
12	said	say	False	False	5388	60975	COMMUNICATION
34	said	say	False	False	5389	60989	COMMUNICATION
34	know	know	False	False	5389	60994	COGNITION
12	went	go	False	False	5390	61001	MOTION
34	said	say	False	False	5392	61028	COMMUNICATION
12	said	say	False	False	5393	61043	COMMUNICATION
9	died	die	False	False	5398	61113	DEATH
12	winced	wince	False	False	5403	61162	FLINCH
12	said	say	False	False	5404	61165	COMMUNICATION
12	considered	consider	False	False	5405	61177	COGNITION
12	said	say	False	False	5406	61185	COMMUNICATION
0	mean say	mean say	False	False	5406	61191	CONJECTURE
0	been	be	True	False	5406	61198	STATE
34	shrugged	shrug	False	False	5408	61221	WINK
10	called	call	False	False	5412	61271	COMMUNICATION
10	say	say	False	False	5414	61283	COMMUNICATION
10	say	say	True	False	5415	61293	COMMUNICATION
10	's	be	False	False	5415	61299	STATE
12	frowned	frown	False	False	5416	61305	NONVERBAL_EXPRESSION
10	was	be	True	False	5419	61330	STATE
10	implicated	implicate	False	True	5420	61342	
10	was	be	False	False	5421	61369	STATE
10	was	be	False	False	5423	61386	STATE
10	was	be	False	False	5424	61398	STATE
10	put	put	False	False	5425	61411	PLACEMENT
10	made	make	False	False	5425	61418	CREATION
10	buying	buy	False	False	5425	61424	OBTAINING
34	smiled	smile	False	False	5427	61454	NONVERBAL_EXPRESSION
0	knew	know	True	False	5428	61460	COGNITION
10	wangle	wangle	False	False	5429	61465	STEAL
10	was	be	False	False	5429	61480	STATE
10	covered	cover	False	False	5431	61503	CONTIGUOUS_LOCATION
34	went	go	False	False	5433	61519	MOTION
12	stirred	stir	False	False	5435	61598	AMUSE
12	said	say	False	False	5436	61602	COMMUNICATION
0	telling	tell	False	False	5436	61608	COMMUNICATION
34	shrugged	shrug	False	False	5438	61625	WINK
34	said	say	False	False	5439	61630	COMMUNICATION
10	forgetting	forget	False	False	5439	61635	ABANDONMENT
27	had	have	False	False	5440	61653	POSSESSION
34	've	have	False	False	5441	61662	POSSESSION
0	come	come	False	False	5443	61710	MOTION
12	admitted	admit	False	False	5444	61720	ADMIT
12	supposed	suppose	False	False	5444	61724	COGNITION
34	said	say	False	False	5445	61729	COMMUNICATION
11	said	say	False	False	5446	61755	COMMUNICATION
11	was	be	False	False	5446	61757	STATE
34	think	think	False	False	5448	61780	COGNITION
11	override	override	False	False	5448	61797	
11	heard	hear	False	False	5448	61812	PERCEPTION
11	go	go	False	False	5449	61827	MOTION
12	sighed	sigh	False	False	5458	61964	NONVERBAL_EXPRESSION
12	said	say	False	False	5459	61967	COMMUNICATION
0	found	find	False	False	5459	61976	OBTAINING
0	get	get	True	False	5460	61984	OBTAINING
34	said	say	False	False	5461	61996	COMMUNICATION
34	been	be	False	False	5461	62001	STATE
12	said	say	False	False	5466	62065	COMMUNICATION
34	said	say	False	False	5467	62080	COMMUNICATION
34	coming	come	False	False	5467	62086	MOTION
34	cleared	clear	False	False	5468	62094	CLEAR
34	investigated	investigate	False	False	5469	62101	INVESTIGATE
34	can	can	False	False	5469	62108	POCKET
8	were	be	False	False	5471	62125	STATE
22	died	die	False	False	5471	62133	DEATH
3	attended	attend	False	False	5472	62146	ATTENDING
3	says	say	False	False	5473	62150	COMMUNICATION
8	poison	poison	True	False	5473	62155	BUTTER
22	died	die	False	False	5473	62177	DEATH
0	was	be	False	False	5477	62212	STATE
13	was	be	False	False	5478	62224	STATE
13	hanged	hang	False	True	5479	62237	ASSUMING_POSITION
13	was	be	False	False	5480	62266	STATE
13	been	be	False	False	5480	62276	STATE
0	summing	sum	False	False	5480	62273	ACTIVITY_RESUME
1	was	be	False	False	5481	62286	STATE
34	find	find	False	False	5481	62284	OBTAINING
1	seem had	seem have	True	False	5482	62303	GIVE_IMPRESSION
1	behaved	behave	False	False	5482	62320	MASQUERADE
1	swam	swam	False	False	5482	62324	BIOLOGICAL_AREA
1	carried	carry	False	False	5482	62332	CARRY
1	rescued	rescue	False	False	5482	62339	STEAL
12	said	say	False	False	5483	62349	COMMUNICATION
34	took	take	False	False	5484	62357	OBTAINING
3	attached	attach	False	True	5490	62432	SHAKE
3	was	be	True	False	5492	62449	STATE
3	is	be	True	False	5492	62469	STATE
3	had	have	True	False	5492	62460	POSSESSION
12	said	say	False	False	5498	62529	COMMUNICATION
34	went	go	False	False	5500	62554	MOTION
7	was	be	False	False	5501	62564	STATE
7	ought prohibited	ought prohibit	False	False	5501	62578	AWARENESS
7	knocked	knock	False	False	5503	62611	BUMP
7	killed	kill	False	False	5503	62614	KILLING
7	let	let	False	True	5504	62629	ABOUNDING_WITH
19	serving	serve	False	False	5506	62659	FIT
19	killed	kill	False	False	5506	62666	KILLING
2	mixed	mix	False	True	5512	62733	CORRESPOND
34	hesitated	hesitate	False	False	5517	62794	LINGER
10	think	think	False	False	5521	62831	COGNITION
12	said	say	False	False	5522	62839	COMMUNICATION
12	thought	think	False	False	5522	62844	COGNITION
8	was	be	False	False	5523	62849	STATE
8	committed	commit	False	False	5524	62864	CONFINE
12	was	be	True	False	5525	62873	STATE
12	find	find	True	False	5526	62886	OBTAINING
12	put	put	False	False	5527	62890	PLACEMENT
12	find	find	True	False	5527	62898	OBTAINING
12	'm	be	False	False	5528	62902	STATE
8	was	be	True	False	5529	62925	STATE
12	said	say	False	False	5530	62939	COMMUNICATION
0	say	say	False	False	5530	62949	COMMUNICATION
10	is	be	False	False	5530	62945	STATE
10	die	die	False	False	5531	62954	DEATH
0	come	come	False	False	5532	62963	MOTION
10	died	die	False	False	5533	62971	DEATH
12	said	say	False	False	5536	63009	COMMUNICATION
12	think	think	False	False	5536	63018	COGNITION
12	said	say	False	False	5538	63033	COMMUNICATION
34	nodded	nod	False	False	5539	63052	WINK
0	say	say	False	False	5540	63062	COMMUNICATION
12	brought	bring	False	False	5541	63071	TRANSFER
12	cried	cry	False	False	5542	63083	BREATHE
34	coughed	cough	False	False	5544	63123	BREATHE
0	was	be	False	False	5548	63161	STATE
0	picked	pick	False	False	5549	63176	CHEW
12	stirred	stir	False	False	5550	63196	AMUSE
12	said	say	False	False	5551	63199	COMMUNICATION
12	stopped	stop	False	False	5553	63216	ASPECT
34	waited	wait	False	False	5554	63220	EXIST
12	shook	shake	False	False	5555	63227	AMUSE
12	said	say	False	False	5556	63237	COMMUNICATION
12	felt	feel	False	False	5557	63245	PERCEPTION
12	got	get	False	False	5557	63248	OBTAINING
0	saying	say	False	False	5560	63274	COMMUNICATION
34	went	go	False	False	5561	63278	MOTION
37	accomplished	accomplish	False	False	5563	63301	ACCOMPLISHMENT
37	spirited	spirit	False	False	5564	63310	EMOTION_DIRECTED
12	said	say	False	False	5565	63322	COMMUNICATION
0	know	know	False	False	5566	63333	COGNITION
34	said	say	False	False	5567	63345	COMMUNICATION
10	thinking	think	False	False	5567	63350	COGNITION
37	was	be	True	False	5567	63358	STATE
12	nodded	nod	False	False	5569	63407	WINK
34	said	say	False	False	5570	63410	COMMUNICATION
1	kept	keep	False	False	5573	63449	POSSESSION
5	did	do	False	False	5573	63454	ABANDONMENT
0	made	make	False	False	5574	63460	CREATION
4	made	make	False	False	5575	63475	CREATION
3	left	leave	False	False	5578	63515	MOTION
3	gone	go	False	False	5578	63527	MOTION
4	has	have	False	False	5579	63532	POSSESSION
3	disappeared	disappear	False	False	5580	63546	DISAPPEARANCE
3	drowned	drown	False	True	5582	63575	DEATH
0	remember	remember	False	False	5582	63578	COGNITION
3	was	be	False	False	5583	63583	STATE
3	killed	kill	False	False	5583	63592	KILLING
3	been	be	False	False	5591	63709	STATE
3	gone	go	False	False	5592	63735	MOTION
3	explain	explain	False	False	5592	63750	COMMUNICATION
3	managed polish	manage polish	False	False	5595	63831	COPE
3	went	go	False	False	5595	63840	MOTION
3	was	be	False	False	5601	63913	STATE
3	disappeared	disappear	False	False	5605	63948	DISAPPEARANCE
2	shot	shoot	False	True	5608	63969	OBTAINING
1	found hanged	find hang	False	True	5610	63986	OBTAINING
12	said	say	False	False	5613	64028	COMMUNICATION
2	pushed	push	False	False	5617	64062	CONTACT
2	doped	dope	False	False	5617	64073	BUTTER
2	strung	string	False	False	5617	64077	BUTTER
2	went	go	False	False	5618	64084	MOTION
2	shot	shoot	False	False	5618	64090	OBTAINING
12	said	say	False	False	5621	64132	COMMUNICATION
0	going say	go say	False	False	5624	64168	MOTION
1	shot	shoot	False	False	5626	64182	OBTAINING
1	took	take	False	False	5626	64185	OBTAINING
1	toppled	topple	False	False	5626	64193	OTHER_COS
1	hanged	hang	False	False	5626	64202	ASSUMING_POSITION
1	stood	stand	False	False	5629	64245	BODY_POSITION
0	tell	tell	False	False	5633	64310	COMMUNICATION
4	went	go	False	False	5633	64325	MOTION
4	pulled	pull	False	False	5633	64328	CONTACT
4	believe	believe	True	False	5633	64355	COGNITION
4	was	be	True	False	5634	64371	STATE
4	was	be	True	False	5635	64384	STATE
0	accuse	accuse	False	False	5635	64392	SOCIAL
12	said	say	False	False	5636	64404	COMMUNICATION
12	agree	agree	False	False	5636	64408	SOCIAL
12	said	say	False	False	5643	64494	COMMUNICATION
12	sighed	sigh	False	False	5644	64505	NONVERBAL_EXPRESSION
12	shook	shake	False	False	5645	64508	AMUSE
12	leaned	lean	False	False	5646	64513	ASSUMING_POSITION
12	said	say	False	False	5647	64524	COMMUNICATION
13	created	create	False	False	5674	65009	CREATION
37	committed	commit	False	False	5675	65046	CONFINE
13	charged	charge	False	True	5675	65053	BILL
3	mentioned	mention	False	False	5697	65360	COMMUNICATION
3	instanced	instance	False	False	5698	65378	INSTANCE
3	was	be	False	False	5699	65399	STATE
3	convinced	convince	False	False	5699	65405	AMUSE
3	said	say	False	False	5699	65402	COMMUNICATION
3	explained	explain	False	False	5700	65443	COMMUNICATION
3	was	be	False	False	5700	65453	STATE
3	added	add	False	False	5701	65465	MIX
3	killed	kill	False	False	5710	65675	KILLING
3	operating	operate	False	False	5710	65682	OTHER_COS
7	taken	take	False	False	5717	65811	OBTAINING
4	came	come	False	False	5718	65833	MOTION
14	was	be	False	False	5725	65939	STATE
14	taken	take	False	False	5726	65948	OBTAINING
14	was	be	False	False	5727	65956	STATE
14	said	say	False	False	5731	65990	COMMUNICATION
10	're	be	False	False	5731	65994	STATE
14	leaned	lean	False	False	5733	66026	ASSUMING_POSITION
14	said	say	False	False	5734	66036	COMMUNICATION
14	tell	tell	False	False	5734	66049	COMMUNICATION
14	known	know	False	False	5734	66041	COGNITION
14	was	be	False	False	5735	66057	STATE
14	think	think	False	False	5736	66069	COGNITION
14	am	be	False	False	5736	66072	STATE
14	tell	tell	False	False	5737	66080	COMMUNICATION
10	see	see	False	False	5737	66086	PERCEPTION
14	dreamed	dream	True	False	5738	66102	DESIRE
0	think	think	True	False	5739	66114	COGNITION
0	Are	be	False	False	5741	66172	STATE
10	was	be	False	False	5751	66285	STATE
10	was	be	False	False	5752	66295	STATE
10	was	be	False	False	5752	66301	STATE
10	was	be	False	False	5764	66494	STATE
10	accounted	account	False	True	5769	66552	EXPLAINING_THE_FACTS
10	suffered	suffer	False	False	5770	66556	ADMIRE
10	accepted	accept	False	False	5772	66589	APPROVE
37	was	be	False	False	5772	66595	STATE
10	leave	leave	False	False	5773	66607	MOTION
10	was	be	True	False	5774	66616	STATE
7	died	die	False	False	5778	66696	DEATH
7	was	be	False	False	5779	66715	STATE
7	was	be	False	False	5780	66732	STATE
8	brought	bring	False	False	5789	66894	TRANSFER
6	met	meet	False	False	5791	66940	SOCIAL
6	hear	hear	True	False	5792	66949	PERCEPTION
3	was	be	False	False	5798	67035	STATE
3	knew	know	False	False	5798	67043	COGNITION
3	was	be	False	False	5798	67051	STATE
8	chopping	chop	False	False	5804	67149	CARVE
8	hear	hear	True	False	5804	67158	PERCEPTION
8	locked	lock	False	False	5806	67178	TAPE
2	have	have	False	False	5808	67210	POSSESSION
10	interviewed	interview	False	False	5808	67228	
5	was	be	False	False	5811	67271	STATE
5	was inject	be inject	False	False	5811	67276	STATE
3	was	be	False	False	5820	67425	STATE
1	screamed	scream	False	False	5825	67488	MANNER_SPEAKING
1	found	find	False	False	5825	67494	OBTAINING
3	was	be	False	False	5830	67586	STATE
3	ought warned	ought warn	False	False	5830	67594	AWARENESS
3	remembered	remember	False	False	5831	67606	COGNITION
3	took	take	False	False	5832	67624	OBTAINING
3	leant	leant	False	False	5835	67661	
3	masquerading	masquerade	True	False	5846	67856	MASQUERADE
4	came	come	False	False	5856	68053	MOTION
1	was	be	False	False	5860	68090	STATE
1	take	take	False	False	5863	68156	OBTAINING
1	hanged	hang	False	False	5866	68172	ASSUMING_POSITION
1	dropped	drop	False	False	5869	68227	CALIBRATABLE_COS
3	swallowed	swallow	False	False	5887	68471	GOBBLE
3	deceived	deceive	False	True	5888	68504	FORCE
3	sent	send	False	True	5888	68508	TRANSFER
